ID_Vereador;Texto;DataEncerramento;Tipo_Ação
38;Criou o projeto de ementa que: ''DISPOE SOBRE ADEQUACAO DA APOSENTADORIA ESPECIAL DOS PROFESSORES READAPTADOS AOS TERMOS DA LEI 11.301, DE 2006'' que foi encerrado, por motivo de ilegalidade (art. 79 reg. int.).;07/02/2011;Projeto
51;Criou o projeto de ementa que: ''ACRESCENTA DISPOSITIVO A LEI ORGANICA DO MUNICIPIO DA CIDADE DE SAO PAULO, PARA INSTITUIR NA LEI ORGANICA DO MUNICIPIO, O FICHA LIMPA MUNICIPAL, VEDANDO A DESIGNACAO OU NOMEACAO AOS CARGOS DA ADMINISTRACAO MUNICIPAL, E DA OUTRAS PROVIDENCIAS.'' que foi encerrado, pois foi promulgado.;20/03/2011;Projeto
34;Criou o projeto de ementa que: ''ACRESCENTA DISPOSITIVO A LEI ORGANICA DO MUNICIPIO DA CIDADE DE SAO PAULO, PARA INSTITUIR NA LEI ORGANICA DO MUNICIPIO, O FICHA LIMPA MUNICIPAL, VEDANDO A DESIGNACAO OU NOMEACAO AOS CARGOS DA ADMINISTRACAO MUNICIPAL, E DA OUTRAS PROVIDENCIAS.'' que foi encerrado, pois foi promulgado.;20/03/2011;Projeto
40;Criou o projeto de ementa que: ''ACRESCENTA DISPOSITIVO A LEI ORGANICA DO MUNICIPIO DA CIDADE DE SAO PAULO, PARA INSTITUIR NA LEI ORGANICA DO MUNICIPIO, O FICHA LIMPA MUNICIPAL, VEDANDO A DESIGNACAO OU NOMEACAO AOS CARGOS DA ADMINISTRACAO MUNICIPAL, E DA OUTRAS PROVIDENCIAS.'' que foi encerrado, pois foi promulgado.;20/03/2011;Projeto
21;Criou o projeto de ementa que: ''ACRESCENTA DISPOSITIVO A LEI ORGANICA DO MUNICIPIO DA CIDADE DE SAO PAULO, PARA INSTITUIR NA LEI ORGANICA DO MUNICIPIO, O FICHA LIMPA MUNICIPAL, VEDANDO A DESIGNACAO OU NOMEACAO AOS CARGOS DA ADMINISTRACAO MUNICIPAL, E DA OUTRAS PROVIDENCIAS.'' que foi encerrado, pois foi promulgado.;20/03/2011;Projeto
133;Criou o projeto de ementa que: ''ACRESCENTA DISPOSITIVO A LEI ORGANICA DO MUNICIPIO DA CIDADE DE SAO PAULO, PARA INSTITUIR NA LEI ORGANICA DO MUNICIPIO, O FICHA LIMPA MUNICIPAL, VEDANDO A DESIGNACAO OU NOMEACAO AOS CARGOS DA ADMINISTRACAO MUNICIPAL, E DA OUTRAS PROVIDENCIAS.'' que foi encerrado, pois foi promulgado.;20/03/2011;Projeto
5;Criou o projeto de ementa que: ''ACRESCENTA DISPOSITIVO A LEI ORGANICA DO MUNICIPIO DA CIDADE DE SAO PAULO, PARA INSTITUIR NA LEI ORGANICA DO MUNICIPIO, O FICHA LIMPA MUNICIPAL, VEDANDO A DESIGNACAO OU NOMEACAO AOS CARGOS DA ADMINISTRACAO MUNICIPAL, E DA OUTRAS PROVIDENCIAS.'' que foi encerrado, pois foi promulgado.;20/03/2011;Projeto
1;Criou o projeto de ementa que: ''ACRESCENTA DISPOSITIVO A LEI ORGANICA DO MUNICIPIO DA CIDADE DE SAO PAULO, PARA INSTITUIR NA LEI ORGANICA DO MUNICIPIO, O FICHA LIMPA MUNICIPAL, VEDANDO A DESIGNACAO OU NOMEACAO AOS CARGOS DA ADMINISTRACAO MUNICIPAL, E DA OUTRAS PROVIDENCIAS.'' que foi encerrado, pois foi promulgado.;20/03/2011;Projeto
45;Criou o projeto de ementa que: ''ACRESCENTA DISPOSITIVO A LEI ORGANICA DO MUNICIPIO DA CIDADE DE SAO PAULO, PARA INSTITUIR NA LEI ORGANICA DO MUNICIPIO, O FICHA LIMPA MUNICIPAL, VEDANDO A DESIGNACAO OU NOMEACAO AOS CARGOS DA ADMINISTRACAO MUNICIPAL, E DA OUTRAS PROVIDENCIAS.'' que foi encerrado, pois foi promulgado.;20/03/2011;Projeto
20;Criou o projeto de ementa que: ''ACRESCENTA DISPOSITIVO A LEI ORGANICA DO MUNICIPIO DA CIDADE DE SAO PAULO, PARA INSTITUIR NA LEI ORGANICA DO MUNICIPIO, O FICHA LIMPA MUNICIPAL, VEDANDO A DESIGNACAO OU NOMEACAO AOS CARGOS DA ADMINISTRACAO MUNICIPAL, E DA OUTRAS PROVIDENCIAS.'' que foi encerrado, pois foi promulgado.;20/03/2011;Projeto
50;Criou o projeto de ementa que: ''ACRESCENTA DISPOSITIVO A LEI ORGANICA DO MUNICIPIO DA CIDADE DE SAO PAULO, PARA INSTITUIR NA LEI ORGANICA DO MUNICIPIO, O FICHA LIMPA MUNICIPAL, VEDANDO A DESIGNACAO OU NOMEACAO AOS CARGOS DA ADMINISTRACAO MUNICIPAL, E DA OUTRAS PROVIDENCIAS.'' que foi encerrado, pois foi promulgado.;20/03/2011;Projeto
8;Criou o projeto de ementa que: ''ACRESCENTA DISPOSITIVO A LEI ORGANICA DO MUNICIPIO DA CIDADE DE SAO PAULO, PARA INSTITUIR NA LEI ORGANICA DO MUNICIPIO, O FICHA LIMPA MUNICIPAL, VEDANDO A DESIGNACAO OU NOMEACAO AOS CARGOS DA ADMINISTRACAO MUNICIPAL, E DA OUTRAS PROVIDENCIAS.'' que foi encerrado, pois foi promulgado.;20/03/2011;Projeto
44;Criou o projeto de ementa que: ''ACRESCENTA DISPOSITIVO A LEI ORGANICA DO MUNICIPIO DA CIDADE DE SAO PAULO, PARA INSTITUIR NA LEI ORGANICA DO MUNICIPIO, O FICHA LIMPA MUNICIPAL, VEDANDO A DESIGNACAO OU NOMEACAO AOS CARGOS DA ADMINISTRACAO MUNICIPAL, E DA OUTRAS PROVIDENCIAS.'' que foi encerrado, pois foi promulgado.;20/03/2011;Projeto
35;Criou o projeto de ementa que: ''ACRESCENTA DISPOSITIVO A LEI ORGANICA DO MUNICIPIO DA CIDADE DE SAO PAULO, PARA INSTITUIR NA LEI ORGANICA DO MUNICIPIO, O FICHA LIMPA MUNICIPAL, VEDANDO A DESIGNACAO OU NOMEACAO AOS CARGOS DA ADMINISTRACAO MUNICIPAL, E DA OUTRAS PROVIDENCIAS.'' que foi encerrado, pois foi promulgado.;20/03/2011;Projeto
29;Criou o projeto de ementa que: ''ACRESCENTA DISPOSITIVO A LEI ORGANICA DO MUNICIPIO DA CIDADE DE SAO PAULO, PARA INSTITUIR NA LEI ORGANICA DO MUNICIPIO, O FICHA LIMPA MUNICIPAL, VEDANDO A DESIGNACAO OU NOMEACAO AOS CARGOS DA ADMINISTRACAO MUNICIPAL, E DA OUTRAS PROVIDENCIAS.'' que foi encerrado, pois foi promulgado.;20/03/2011;Projeto
41;Criou o projeto de ementa que: ''ACRESCENTA DISPOSITIVO A LEI ORGANICA DO MUNICIPIO DA CIDADE DE SAO PAULO, PARA INSTITUIR NA LEI ORGANICA DO MUNICIPIO, O FICHA LIMPA MUNICIPAL, VEDANDO A DESIGNACAO OU NOMEACAO AOS CARGOS DA ADMINISTRACAO MUNICIPAL, E DA OUTRAS PROVIDENCIAS.'' que foi encerrado, pois foi promulgado.;20/03/2011;Projeto
121;Criou o projeto de ementa que: ''ACRESCENTA DISPOSITIVO A LEI ORGANICA DO MUNICIPIO DA CIDADE DE SAO PAULO, PARA INSTITUIR NA LEI ORGANICA DO MUNICIPIO, O FICHA LIMPA MUNICIPAL, VEDANDO A DESIGNACAO OU NOMEACAO AOS CARGOS DA ADMINISTRACAO MUNICIPAL, E DA OUTRAS PROVIDENCIAS.'' que foi encerrado, pois foi promulgado.;20/03/2011;Projeto
53;Criou o projeto de ementa que: ''ACRESCENTA DISPOSITIVO A LEI ORGANICA DO MUNICIPIO DA CIDADE DE SAO PAULO, PARA INSTITUIR NA LEI ORGANICA DO MUNICIPIO, O FICHA LIMPA MUNICIPAL, VEDANDO A DESIGNACAO OU NOMEACAO AOS CARGOS DA ADMINISTRACAO MUNICIPAL, E DA OUTRAS PROVIDENCIAS.'' que foi encerrado, pois foi promulgado.;20/03/2011;Projeto
12;Criou o projeto de ementa que: ''ACRESCENTA DISPOSITIVO A LEI ORGANICA DO MUNICIPIO DA CIDADE DE SAO PAULO, PARA INSTITUIR NA LEI ORGANICA DO MUNICIPIO, O FICHA LIMPA MUNICIPAL, VEDANDO A DESIGNACAO OU NOMEACAO AOS CARGOS DA ADMINISTRACAO MUNICIPAL, E DA OUTRAS PROVIDENCIAS.'' que foi encerrado, pois foi promulgado.;20/03/2011;Projeto
132;Criou o projeto de ementa que: ''ACRESCENTA DISPOSITIVO A LEI ORGANICA DO MUNICIPIO DA CIDADE DE SAO PAULO, PARA INSTITUIR NA LEI ORGANICA DO MUNICIPIO, O FICHA LIMPA MUNICIPAL, VEDANDO A DESIGNACAO OU NOMEACAO AOS CARGOS DA ADMINISTRACAO MUNICIPAL, E DA OUTRAS PROVIDENCIAS.'' que foi encerrado, pois foi promulgado.;20/03/2011;Projeto
22;Criou o projeto de ementa que: ''ACRESCENTA DISPOSITIVO A LEI ORGANICA DO MUNICIPIO DA CIDADE DE SAO PAULO, PARA INSTITUIR NA LEI ORGANICA DO MUNICIPIO, O FICHA LIMPA MUNICIPAL, VEDANDO A DESIGNACAO OU NOMEACAO AOS CARGOS DA ADMINISTRACAO MUNICIPAL, E DA OUTRAS PROVIDENCIAS.'' que foi encerrado, pois foi promulgado.;20/03/2011;Projeto
16;Criou o projeto de ementa que: ''ACRESCENTA DISPOSITIVO A LEI ORGANICA DO MUNICIPIO DA CIDADE DE SAO PAULO, PARA INSTITUIR NA LEI ORGANICA DO MUNICIPIO, O FICHA LIMPA MUNICIPAL, VEDANDO A DESIGNACAO OU NOMEACAO AOS CARGOS DA ADMINISTRACAO MUNICIPAL, E DA OUTRAS PROVIDENCIAS.'' que foi encerrado, pois foi promulgado.;20/03/2011;Projeto
131;Criou o projeto de ementa que: ''ACRESCENTA DISPOSITIVO A LEI ORGANICA DO MUNICIPIO DA CIDADE DE SAO PAULO, PARA INSTITUIR NA LEI ORGANICA DO MUNICIPIO, O FICHA LIMPA MUNICIPAL, VEDANDO A DESIGNACAO OU NOMEACAO AOS CARGOS DA ADMINISTRACAO MUNICIPAL, E DA OUTRAS PROVIDENCIAS.'' que foi encerrado, pois foi promulgado.;20/03/2011;Projeto
38;Criou o projeto de ementa que: ''ACRESCENTA DISPOSITIVO A LEI ORGANICA DO MUNICIPIO DA CIDADE DE SAO PAULO, PARA INSTITUIR NA LEI ORGANICA DO MUNICIPIO, O FICHA LIMPA MUNICIPAL, VEDANDO A DESIGNACAO OU NOMEACAO AOS CARGOS DA ADMINISTRACAO MUNICIPAL, E DA OUTRAS PROVIDENCIAS.'' que foi encerrado, pois foi promulgado.;20/03/2011;Projeto
118;Criou o projeto de ementa que: ''ACRESCENTA DISPOSITIVO A LEI ORGANICA DO MUNICIPIO DA CIDADE DE SAO PAULO, PARA INSTITUIR NA LEI ORGANICA DO MUNICIPIO, O FICHA LIMPA MUNICIPAL, VEDANDO A DESIGNACAO OU NOMEACAO AOS CARGOS DA ADMINISTRACAO MUNICIPAL, E DA OUTRAS PROVIDENCIAS.'' que foi encerrado, pois foi promulgado.;20/03/2011;Projeto
3;Criou o projeto de ementa que: ''ACRESCENTA DISPOSITIVO A LEI ORGANICA DO MUNICIPIO DA CIDADE DE SAO PAULO, PARA INSTITUIR NA LEI ORGANICA DO MUNICIPIO, O FICHA LIMPA MUNICIPAL, VEDANDO A DESIGNACAO OU NOMEACAO AOS CARGOS DA ADMINISTRACAO MUNICIPAL, E DA OUTRAS PROVIDENCIAS.'' que foi encerrado, pois foi promulgado.;20/03/2011;Projeto
13;Criou o projeto de ementa que: ''ACRESCENTA DISPOSITIVO A LEI ORGANICA DO MUNICIPIO DA CIDADE DE SAO PAULO, PARA INSTITUIR NA LEI ORGANICA DO MUNICIPIO, O FICHA LIMPA MUNICIPAL, VEDANDO A DESIGNACAO OU NOMEACAO AOS CARGOS DA ADMINISTRACAO MUNICIPAL, E DA OUTRAS PROVIDENCIAS.'' que foi encerrado, pois foi promulgado.;20/03/2011;Projeto
6;Criou o projeto de ementa que: ''ACRESCENTA DISPOSITIVO A LEI ORGANICA DO MUNICIPIO DA CIDADE DE SAO PAULO, PARA INSTITUIR NA LEI ORGANICA DO MUNICIPIO, O FICHA LIMPA MUNICIPAL, VEDANDO A DESIGNACAO OU NOMEACAO AOS CARGOS DA ADMINISTRACAO MUNICIPAL, E DA OUTRAS PROVIDENCIAS.'' que foi encerrado, pois foi promulgado.;20/03/2011;Projeto
117;Criou o projeto de ementa que: ''ACRESCENTA DISPOSITIVO A LEI ORGANICA DO MUNICIPIO DA CIDADE DE SAO PAULO, PARA INSTITUIR NA LEI ORGANICA DO MUNICIPIO, O FICHA LIMPA MUNICIPAL, VEDANDO A DESIGNACAO OU NOMEACAO AOS CARGOS DA ADMINISTRACAO MUNICIPAL, E DA OUTRAS PROVIDENCIAS.'' que foi encerrado, pois foi promulgado.;20/03/2011;Projeto
114;Criou o projeto de ementa que: ''ACRESCENTA DISPOSITIVO A LEI ORGANICA DO MUNICIPIO DA CIDADE DE SAO PAULO, PARA INSTITUIR NA LEI ORGANICA DO MUNICIPIO, O FICHA LIMPA MUNICIPAL, VEDANDO A DESIGNACAO OU NOMEACAO AOS CARGOS DA ADMINISTRACAO MUNICIPAL, E DA OUTRAS PROVIDENCIAS.'' que foi encerrado, pois foi promulgado.;20/03/2011;Projeto
15;Criou o projeto de ementa que: ''ACRESCENTA DISPOSITIVO A LEI ORGANICA DO MUNICIPIO DA CIDADE DE SAO PAULO, PARA INSTITUIR NA LEI ORGANICA DO MUNICIPIO, O FICHA LIMPA MUNICIPAL, VEDANDO A DESIGNACAO OU NOMEACAO AOS CARGOS DA ADMINISTRACAO MUNICIPAL, E DA OUTRAS PROVIDENCIAS.'' que foi encerrado, pois foi promulgado.;20/03/2011;Projeto
4;Criou o projeto de ementa que: ''ACRESCENTA DISPOSITIVO A LEI ORGANICA DO MUNICIPIO DA CIDADE DE SAO PAULO, PARA INSTITUIR NA LEI ORGANICA DO MUNICIPIO, O FICHA LIMPA MUNICIPAL, VEDANDO A DESIGNACAO OU NOMEACAO AOS CARGOS DA ADMINISTRACAO MUNICIPAL, E DA OUTRAS PROVIDENCIAS.'' que foi encerrado, pois foi promulgado.;20/03/2011;Projeto
11;Criou o projeto de ementa que: ''ACRESCENTA DISPOSITIVO A LEI ORGANICA DO MUNICIPIO DA CIDADE DE SAO PAULO, PARA INSTITUIR NA LEI ORGANICA DO MUNICIPIO, O FICHA LIMPA MUNICIPAL, VEDANDO A DESIGNACAO OU NOMEACAO AOS CARGOS DA ADMINISTRACAO MUNICIPAL, E DA OUTRAS PROVIDENCIAS.'' que foi encerrado, pois foi promulgado.;20/03/2011;Projeto
26;Criou o projeto de ementa que: ''ACRESCENTA DISPOSITIVO A LEI ORGANICA DO MUNICIPIO DA CIDADE DE SAO PAULO, PARA INSTITUIR NA LEI ORGANICA DO MUNICIPIO, O FICHA LIMPA MUNICIPAL, VEDANDO A DESIGNACAO OU NOMEACAO AOS CARGOS DA ADMINISTRACAO MUNICIPAL, E DA OUTRAS PROVIDENCIAS.'' que foi encerrado, pois foi promulgado.;20/03/2011;Projeto
113;Criou o projeto de ementa que: ''ACRESCENTA DISPOSITIVO A LEI ORGANICA DO MUNICIPIO DA CIDADE DE SAO PAULO, PARA INSTITUIR NA LEI ORGANICA DO MUNICIPIO, O FICHA LIMPA MUNICIPAL, VEDANDO A DESIGNACAO OU NOMEACAO AOS CARGOS DA ADMINISTRACAO MUNICIPAL, E DA OUTRAS PROVIDENCIAS.'' que foi encerrado, pois foi promulgado.;20/03/2011;Projeto
25;Criou o projeto de ementa que: ''ACRESCENTA DISPOSITIVO A LEI ORGANICA DO MUNICIPIO DA CIDADE DE SAO PAULO, PARA INSTITUIR NA LEI ORGANICA DO MUNICIPIO, O FICHA LIMPA MUNICIPAL, VEDANDO A DESIGNACAO OU NOMEACAO AOS CARGOS DA ADMINISTRACAO MUNICIPAL, E DA OUTRAS PROVIDENCIAS.'' que foi encerrado, pois foi promulgado.;20/03/2011;Projeto
112;Criou o projeto de ementa que: ''ACRESCENTA DISPOSITIVO A LEI ORGANICA DO MUNICIPIO DA CIDADE DE SAO PAULO, PARA INSTITUIR NA LEI ORGANICA DO MUNICIPIO, O FICHA LIMPA MUNICIPAL, VEDANDO A DESIGNACAO OU NOMEACAO AOS CARGOS DA ADMINISTRACAO MUNICIPAL, E DA OUTRAS PROVIDENCIAS.'' que foi encerrado, pois foi promulgado.;20/03/2011;Projeto
10;Criou o projeto de ementa que: ''ACRESCENTA DISPOSITIVO A LEI ORGANICA DO MUNICIPIO DA CIDADE DE SAO PAULO, PARA INSTITUIR NA LEI ORGANICA DO MUNICIPIO, O FICHA LIMPA MUNICIPAL, VEDANDO A DESIGNACAO OU NOMEACAO AOS CARGOS DA ADMINISTRACAO MUNICIPAL, E DA OUTRAS PROVIDENCIAS.'' que foi encerrado, pois foi promulgado.;20/03/2011;Projeto
122;Criou o projeto de ementa que: ''ACRESCENTA DISPOSITIVO A LEI ORGANICA DO MUNICIPIO DA CIDADE DE SAO PAULO, PARA INSTITUIR NA LEI ORGANICA DO MUNICIPIO, O FICHA LIMPA MUNICIPAL, VEDANDO A DESIGNACAO OU NOMEACAO AOS CARGOS DA ADMINISTRACAO MUNICIPAL, E DA OUTRAS PROVIDENCIAS.'' que foi encerrado, pois foi promulgado.;20/03/2011;Projeto
9;Criou o projeto de ementa que: ''ACRESCENTA DISPOSITIVO A LEI ORGANICA DO MUNICIPIO DA CIDADE DE SAO PAULO, PARA INSTITUIR NA LEI ORGANICA DO MUNICIPIO, O FICHA LIMPA MUNICIPAL, VEDANDO A DESIGNACAO OU NOMEACAO AOS CARGOS DA ADMINISTRACAO MUNICIPAL, E DA OUTRAS PROVIDENCIAS.'' que foi encerrado, pois foi promulgado.;20/03/2011;Projeto
27;Criou o projeto de ementa que: ''ACRESCENTA DISPOSITIVO A LEI ORGANICA DO MUNICIPIO DA CIDADE DE SAO PAULO, PARA INSTITUIR NA LEI ORGANICA DO MUNICIPIO, O FICHA LIMPA MUNICIPAL, VEDANDO A DESIGNACAO OU NOMEACAO AOS CARGOS DA ADMINISTRACAO MUNICIPAL, E DA OUTRAS PROVIDENCIAS.'' que foi encerrado, pois foi promulgado.;20/03/2011;Projeto
116;Criou o projeto de ementa que: ''ACRESCENTA DISPOSITIVO A LEI ORGANICA DO MUNICIPIO DA CIDADE DE SAO PAULO, PARA INSTITUIR NA LEI ORGANICA DO MUNICIPIO, O FICHA LIMPA MUNICIPAL, VEDANDO A DESIGNACAO OU NOMEACAO AOS CARGOS DA ADMINISTRACAO MUNICIPAL, E DA OUTRAS PROVIDENCIAS.'' que foi encerrado, pois foi promulgado.;20/03/2011;Projeto
37;Criou o projeto de ementa que: ''ACRESCENTA DISPOSITIVO A LEI ORGANICA DO MUNICIPIO DA CIDADE DE SAO PAULO, PARA INSTITUIR NA LEI ORGANICA DO MUNICIPIO, O FICHA LIMPA MUNICIPAL, VEDANDO A DESIGNACAO OU NOMEACAO AOS CARGOS DA ADMINISTRACAO MUNICIPAL, E DA OUTRAS PROVIDENCIAS.'' que foi encerrado, pois foi promulgado.;20/03/2011;Projeto
32;Criou o projeto de ementa que: ''ACRESCENTA DISPOSITIVO A LEI ORGANICA DO MUNICIPIO DA CIDADE DE SAO PAULO, PARA INSTITUIR NA LEI ORGANICA DO MUNICIPIO, O FICHA LIMPA MUNICIPAL, VEDANDO A DESIGNACAO OU NOMEACAO AOS CARGOS DA ADMINISTRACAO MUNICIPAL, E DA OUTRAS PROVIDENCIAS.'' que foi encerrado, pois foi promulgado.;20/03/2011;Projeto
128;Criou o projeto de ementa que: ''ACRESCENTA DISPOSITIVO A LEI ORGANICA DO MUNICIPIO DA CIDADE DE SAO PAULO, PARA INSTITUIR NA LEI ORGANICA DO MUNICIPIO, O FICHA LIMPA MUNICIPAL, VEDANDO A DESIGNACAO OU NOMEACAO AOS CARGOS DA ADMINISTRACAO MUNICIPAL, E DA OUTRAS PROVIDENCIAS.'' que foi encerrado, pois foi promulgado.;20/03/2011;Projeto
39;Criou o projeto de ementa que: ''ACRESCENTA DISPOSITIVO A LEI ORGANICA DO MUNICIPIO DA CIDADE DE SAO PAULO, PARA INSTITUIR NA LEI ORGANICA DO MUNICIPIO, O FICHA LIMPA MUNICIPAL, VEDANDO A DESIGNACAO OU NOMEACAO AOS CARGOS DA ADMINISTRACAO MUNICIPAL, E DA OUTRAS PROVIDENCIAS.'' que foi encerrado, pois foi promulgado.;20/03/2011;Projeto
49;Criou o projeto de ementa que: ''ACRESCENTA DISPOSITIVO A LEI ORGANICA DO MUNICIPIO DA CIDADE DE SAO PAULO, PARA INSTITUIR NA LEI ORGANICA DO MUNICIPIO, O FICHA LIMPA MUNICIPAL, VEDANDO A DESIGNACAO OU NOMEACAO AOS CARGOS DA ADMINISTRACAO MUNICIPAL, E DA OUTRAS PROVIDENCIAS.'' que foi encerrado, pois foi promulgado.;20/03/2011;Projeto
115;Criou o projeto de ementa que: ''ACRESCENTA DISPOSITIVO A LEI ORGANICA DO MUNICIPIO DA CIDADE DE SAO PAULO, PARA INSTITUIR NA LEI ORGANICA DO MUNICIPIO, O FICHA LIMPA MUNICIPAL, VEDANDO A DESIGNACAO OU NOMEACAO AOS CARGOS DA ADMINISTRACAO MUNICIPAL, E DA OUTRAS PROVIDENCIAS.'' que foi encerrado, pois foi promulgado.;20/03/2011;Projeto
43;Criou o projeto de ementa que: ''ACRESCENTA DISPOSITIVO A LEI ORGANICA DO MUNICIPIO DA CIDADE DE SAO PAULO, PARA INSTITUIR NA LEI ORGANICA DO MUNICIPIO, O FICHA LIMPA MUNICIPAL, VEDANDO A DESIGNACAO OU NOMEACAO AOS CARGOS DA ADMINISTRACAO MUNICIPAL, E DA OUTRAS PROVIDENCIAS.'' que foi encerrado, pois foi promulgado.;20/03/2011;Projeto
127;Criou o projeto de ementa que: ''ACRESCENTA DISPOSITIVO A LEI ORGANICA DO MUNICIPIO DA CIDADE DE SAO PAULO, PARA INSTITUIR NA LEI ORGANICA DO MUNICIPIO, O FICHA LIMPA MUNICIPAL, VEDANDO A DESIGNACAO OU NOMEACAO AOS CARGOS DA ADMINISTRACAO MUNICIPAL, E DA OUTRAS PROVIDENCIAS.'' que foi encerrado, pois foi promulgado.;20/03/2011;Projeto
42;Criou o projeto de ementa que: ''ACRESCENTA DISPOSITIVO A LEI ORGANICA DO MUNICIPIO DA CIDADE DE SAO PAULO, PARA INSTITUIR NA LEI ORGANICA DO MUNICIPIO, O FICHA LIMPA MUNICIPAL, VEDANDO A DESIGNACAO OU NOMEACAO AOS CARGOS DA ADMINISTRACAO MUNICIPAL, E DA OUTRAS PROVIDENCIAS.'' que foi encerrado, pois foi promulgado.;20/03/2011;Projeto
19;Criou o projeto de ementa que: ''ACRESCENTA DISPOSITIVO A LEI ORGANICA DO MUNICIPIO DA CIDADE DE SAO PAULO, PARA INSTITUIR NA LEI ORGANICA DO MUNICIPIO, O FICHA LIMPA MUNICIPAL, VEDANDO A DESIGNACAO OU NOMEACAO AOS CARGOS DA ADMINISTRACAO MUNICIPAL, E DA OUTRAS PROVIDENCIAS.'' que foi encerrado, pois foi promulgado.;20/03/2011;Projeto
23;Criou o projeto de ementa que: ''ACRESCENTA DISPOSITIVO A LEI ORGANICA DO MUNICIPIO DA CIDADE DE SAO PAULO, PARA INSTITUIR NA LEI ORGANICA DO MUNICIPIO, O FICHA LIMPA MUNICIPAL, VEDANDO A DESIGNACAO OU NOMEACAO AOS CARGOS DA ADMINISTRACAO MUNICIPAL, E DA OUTRAS PROVIDENCIAS.'' que foi encerrado, pois foi promulgado.;20/03/2011;Projeto
48;Criou o projeto de ementa que: ''ACRESCENTA DISPOSITIVO A LEI ORGANICA DO MUNICIPIO DA CIDADE DE SAO PAULO, PARA INSTITUIR NA LEI ORGANICA DO MUNICIPIO, O FICHA LIMPA MUNICIPAL, VEDANDO A DESIGNACAO OU NOMEACAO AOS CARGOS DA ADMINISTRACAO MUNICIPAL, E DA OUTRAS PROVIDENCIAS.'' que foi encerrado, pois foi promulgado.;20/03/2011;Projeto
119;Criou o projeto de ementa que: ''ACRESCENTA DISPOSITIVO A LEI ORGANICA DO MUNICIPIO DA CIDADE DE SAO PAULO, PARA INSTITUIR NA LEI ORGANICA DO MUNICIPIO, O FICHA LIMPA MUNICIPAL, VEDANDO A DESIGNACAO OU NOMEACAO AOS CARGOS DA ADMINISTRACAO MUNICIPAL, E DA OUTRAS PROVIDENCIAS.'' que foi encerrado, pois foi promulgado.;20/03/2011;Projeto
46;Criou o projeto de ementa que: ''ACRESCENTA DISPOSITIVO A LEI ORGANICA DO MUNICIPIO DA CIDADE DE SAO PAULO, PARA INSTITUIR NA LEI ORGANICA DO MUNICIPIO, O FICHA LIMPA MUNICIPAL, VEDANDO A DESIGNACAO OU NOMEACAO AOS CARGOS DA ADMINISTRACAO MUNICIPAL, E DA OUTRAS PROVIDENCIAS.'' que foi encerrado, pois foi promulgado.;20/03/2011;Projeto
53;Criou o projeto de ementa que: ''DISPOE SOBRE A CONCESSAO DE HOMENAGEM EM FORMA DE HONRARIA SALVA DE PRATA EM COMEMORACAO AOS 20 ANOS DE FUNDACAO DA FORCA SINDICAL, E DA OUTRAS PROVIDENCIAS. ***   ESTE PDL NAO FOI LIDO, EM VIRTUDE DE SUA RETIRADA PELO RDS 289/2011   ***'' que foi encerrado, pois foi retirado pelo autor.;30/03/2011;Projeto
16;Criou o projeto de ementa que: ''DISPOE SOBRE A CONCESSAO DE TITULO DE CIDADAO PAULISTANO AO SENHOR FABIO PORTA. *** SESSAO SOLENE DE ENTREGA REALIZADA EM 09/09/2011 AS 19H NO SALAO NOBRE ***'' que foi encerrado, pois foi promulgado.;05/05/2011;Projeto
50;Criou o projeto de ementa que: ''DENOMINA RUA CIDADE DE FUKUSHIMA O LOGRADOURO INOMINADO LOCALIZADO NO JARDIM DAS CAMELIAS - ZONA LESTE, SITUADO ENTRE A AVENIDA JACU PESSEGO E O CORREGO DO LIMOEIRO, DA CIDADE DE SAO PAULO, E DA OUTRAS PROVIDENCIAS.'' que foi encerrado, pois foi retirado pelo autor.;10/05/2011;Projeto
21;Criou o projeto de ementa que: ''DISPOE SOBRE A CRIACAO DO MUSEU DE CERA MUNICIPAL, E DA OUTRAS PROVIDENCIAS.'' que foi encerrado, pois foi retirado pelo autor.;16/05/2011;Projeto
22;Criou o projeto de ementa que: ''CONCEDE A MEDALHA ANCHIETA E O DIPLOMA DE GRATIDAO DA CIDADE DE SAO PAULO AO SR. SILVIO GARCIA. *** HONRARIA RETIRADA PELO VEREADOR EM 23/11/11 PARA SER ENTREGUE FORA DA CASA ***'' que foi encerrado, pois foi promulgado.;15/06/2011;Projeto
115;Criou o projeto de ementa que: ''DISPOE SOBRE A CONCESSAO DE TITULO DE CIDADAO PAULISTANO AO SENHOR ALI BARAKAT ABBAS.'' que foi encerrado, pois foi promulgado.;15/06/2011;Projeto
113;Criou o projeto de ementa que: ''DISPOE SOBRE A OUTORGA DE TITULO DE CIDADAO PAULISTANO AO DOUTOR MARIO GOBBI FILHO.'' que foi encerrado, pois foi promulgado.;15/06/2011;Projeto
121;Criou o projeto de ementa que: ''DISPOE SOBRE A OUTORGA DE TITULO DE CIDADAO PAULISTANO AO SENHOR EDIVALDO DEL GRANDE. *** SESSAO SOLENE DE ENTREGA REALIZADA EM 07/11/11 AS 19H30 NO PLENARIO ***'' que foi encerrado, pois foi promulgado.;15/06/2011;Projeto
6;Criou o projeto de ementa que: ''CONCEDE O TITULO DE CIDADAO PAULISTANO AO SR. FRANCISCO GOMES DA SILVA.'' que foi encerrado, pois foi retirado pelo autor.;17/06/2011;Projeto
32;Criou o projeto de ementa que: ''CONCEDE SALVA DE PRATA AO HOSPITAL SANTA MARCELINA, EM HOMENAGEM AO JUBILEU DE OURO. *** SESSAO SOLENE DE ENTREGA DA SALVA DE PRATA REALIZADA EM 11/08/2011 AS 19H ***'' que foi encerrado, pois foi promulgado.;21/06/2011;Projeto
27;Criou o projeto de ementa que: ''DISPOE SOBRE A OUTORGA DE MEDALHA ANCHIETA E DIPLOMA DE GRATIDAO DA CIDADE DE SAO PAULO AO HOSPITAL SANTA MARCELINA, PELOS SEUS 50 ANOS DE ATUACAO NA CIDADE, E DA OUTRAS PROVIDENCIAS.'' que foi encerrado, pois foi promulgado.;21/06/2011;Projeto
15;Criou o projeto de ementa que: ''DISPOE SOBRE A OUTORGA DE TITULO DE CIDADAO PAULISTANO AO DOUTOR TABAJARA ACACIO DE CARVALHO. *** SESSAO SOLENE DE ENTREGA REALIZADA EM 23/09/2011 AS 19H NO PLENARIO ***'' que foi encerrado, pois foi promulgado.;21/06/2011;Projeto
41;Criou o projeto de ementa que: ''DISPOE SOBRE A OUTORGA DA MEDALHA ANCHIETA E DO DIPLOMA DE GRATIDAO DA CIDADE DE SAO PAULO AO SENHOR VANDERLEI BAILONI,E DA OUTRAS PROVIDENCIAS. *** SESSAO SOLENE DE ENTREGA REALIZADA EM 19/08/2011 AS 19:30H ***'' que foi encerrado, pois foi promulgado.;21/06/2011;Projeto
9;Criou o projeto de ementa que: ''CONCEDE O TITULO DE CIDADAO PAULISTANO AO DR. JORGE ISHIDA.'' que foi encerrado, pois foi promulgado.;21/06/2011;Projeto
50;"Criou o projeto de ementa que: ''DISPOE SOBRE A OUTORGA DE ""TITULO DE CIDADAO PAULISTANO"" AO SENHOR IRAN GLADE, E DA OUTRAS PROVIDENCIAS. *** SESSAO SOLENE DE ENTREGA REALIZADA EM 24/10/11 AS 19H NO PLENARIO ***'' que foi encerrado, pois foi promulgado.";21/06/2011;Projeto
114;"Criou o projeto de ementa que: ''DISPOE SOBRE A CONCESSAO DE MEDALHA ANCHIETA E DIPLOMA DE GRATIDAO DA CIDADE DE SAO PAULO A AMELIA IMPERIO HAMBURGER ""IN MEMORIAM"". *** SESSAO SOLENE DE ENTREGA REALIZADA EM 26/09/2011 AS 19H NO SALAO NOBRE ***'' que foi encerrado, pois foi promulgado.";21/06/2011;Projeto
53;Criou o projeto de ementa que: ''DISPOE SOBRE A OUTORGA DA MEDALHA ANCHIETA E DIPLOMA DE GRATIDAO DA CIDADE DE SAO PAULO AO SENHOR MIGUEL EDUARDO TORRES, E DA OUTRAS PROVIDENCIAS. *** SESSAO SOLENE DE ENTREGA REALIZADA EM 02/12/11 AS 19H NO PLENARIO ***'' que foi encerrado, pois foi promulgado.;22/06/2011;Projeto
51;Criou o projeto de ementa que: ''DISPOE SOBRE A OUTORGA DE SALVA DE PRATA EM HOMENAGEM A GUARDA CIVIL METROPOLITANA DA CIDADE DE SAO PAULO. *** SESSAO SOLENE DE ENTREGA REALIZADA EM 14/09/2011 AS 19H NO SALAO NOBRE ***'' que foi encerrado, pois foi promulgado.;27/06/2011;Projeto
22;Criou o projeto de ementa que: ''CONCEDE A MEDALHA ANCHIETA E O DIPLOMA DE GRATIDAO DA CIDADE DE SAO PAULO AO SR. VALDIR ZUFFO. *** HONRARIA RETIRADA PELO VEREADOR PARA SER ENTREGUE FORA DA CASA ***'' que foi encerrado, pois foi promulgado.;30/06/2011;Projeto
40;Criou o projeto de ementa que: ''DISPOE SOBRE A OUTORGA DE TITULO DE CIDADA PAULISTANA A SENHORA LURDINHA RODRIGUES, NO AMBITO DO MUNICIPIO DE SAO PAULO, E DA OUTRAS PROVIDENCIAS. *** SESSAO SOLENE DE ENTREGA REALIZADA EM 09/09/2011 AS 19H NO PLENARIO ***'' que foi encerrado, pois foi promulgado.;30/06/2011;Projeto
35;Criou o projeto de ementa que: ''CONCEDE TITULO DE CIDADAO PAULISTANO AO PROFº DR. ANTRANIK MANISSADJIAN. *** HONRARIA RETIRADA PELO VEREADOR EM 04/10/11 PARA SER ENTREGUE EM EVENTO FORA DA CASA ***'' que foi encerrado, pois foi promulgado.;30/06/2011;Projeto
128;Criou o projeto de ementa que: ''DISPOE SOBRE A OUTORGA DE SALVA DE PRATA A PAROQUIA SAO LUIZ GONZAGA E DA OUTRAS PROVIDENCIAS. *** HONRARIA RETIRADA PELO VEREADOR PARA SER ENTREGUE FORA DA CASA ***'' que foi encerrado, pois foi promulgado.;30/06/2011;Projeto
9;Criou o projeto de ementa que: ''CONCEDE O TITULO DE CIDADAO PAULISTANO AO DR. RAJA EL KHOURI. *** SESSAO SOLENE DE ENTREGA REALIZADA EM 08/11/11 AS 19H NO SALAO NOBRE ***'' que foi encerrado, pois foi promulgado.;30/06/2011;Projeto
38;Criou o projeto de ementa que: ''DISPOE SOBRE A OUTORGA DA MEDALHA ANCHIETA E DIPLOMA DE GRATIDAO DA CIDADE DE SAO PAULO A SRA. CLARICE HERZOG. *** SESSAO SOLENE DE ENTREGA REALIZADA EM 26/08/2011 AS 19H ***'' que foi encerrado, pois foi promulgado.;30/06/2011;Projeto
43;Criou o projeto de ementa que: ''DISPOE SOBRE A ENTREGA DE TITULO DE CIDADAO PAULISTANO PARA O DR. WAGNER GINOTTI PIRES.'' que foi encerrado, pois foi promulgado.;30/06/2011;Projeto
15;Criou o projeto de ementa que: ''DISPOE SOBRE A OUTORGA DA MEDALHA ANCHIETA E DO DIPLOMA DE GRATIDAO DA CIDADE DE SAO PAULO AO PRESIDENTE LUIZ INACIO LULA DA SILVA.'' que foi encerrado, pois foi promulgado.;30/06/2011;Projeto
115;Criou o projeto de ementa que: ''DISPOE SOBRE A CONCESSAO DE TITULO DE CIDADAO PAULISTANO AO SENHOR PLINIO TOMAZ. *** SESSAO SOLENE DE ENTREGA REALIZADA EM 29/09/2011 AS 19H NO SALAO NOBRE ***'' que foi encerrado, pois foi promulgado.;30/06/2011;Projeto
119;Criou o projeto de ementa que: ''CONCEDE TITULO DE CIDADAO PAULISTANO AO SR. LUIZ INACIO LULA DA SILVA, E DA OUTRAS PROVIDENCIAS.'' que foi encerrado, pois foi promulgado.;30/06/2011;Projeto
50;Criou o projeto de ementa que: ''DISPOE SOBRE A OUTORGA DO TITULO DE CIDADAO PAULISTANO AO DR. KIYOSHI HARADA. *** SESSAO SOLENE DE ENTREGA REALIZADA EM 16/09/2011 AS 19H NO PLENARIO ***'' que foi encerrado, pois foi promulgado.;01/07/2011;Projeto
34;Criou o projeto de ementa que: ''ALTERA DENOMINACAO DA ATUAL RUA SARANDI, NO BAIRRO JARDIM PAULISTA, PARA RUA ALVARO MOREIRA.'' que foi encerrado, pois foi retirado pelo autor.;01/07/2011;Projeto
112;Criou o projeto de ementa que: ''DISPOE SOBRE A OUTORGA DO TITULO DE CIDADAO PAULISTANO AO JORNALISTA JOSE TRAJANO REIS QUINHOES, E DA OUTRAS PROVIDENCIAS.'' que foi encerrado, pois foi promulgado.;14/07/2011;Projeto
131;Criou o projeto de ementa que: ''DISPOE SOBRE A CONCESSAO DE TITULO DE CIDADAO PAULISTANO AO PASTOR CESAR CASTELLANOS DOMINGUEZ, E DA OUTRAS PROVIDENCIAS.'' que foi encerrado, pois foi promulgado.;15/07/2011;Projeto
19;Criou o projeto de ementa que: ''DENOMINA PRACA PAULO BORGES NOGUEIRA, O LOGRADOURO INOMINADO, DELIMITADO PELAS VIAS DE CIRCULACAO: RUA ACURUI E RUA CURUPA, BAIRRO E DISTRITO DE VILA FORMOSA, SUBPREFEITURA ARICANDUVA/FORMOSA/CARRAO, E DA OUTRAS PROVIDENCIAS.'' que foi encerrado, pois foi retirado pelo autor.;15/07/2011;Projeto
38;Criou o projeto de ementa que: ''DISPOE SOBRE A OUTORGA DO TITULO DE CIDADA PAULISTANA A DRA. MARCIA MASCARENHAS DE REZENDE CAMARGOS.'' que foi encerrado, pois foi promulgado.;17/07/2011;Projeto
16;Criou o projeto de ementa que: ''ALTERA A DENOMINACAO DA RUA NOVA FLORESTA, NA VILA PITA, PERTENCENTE AO DISTRITO DE CACHOEIRINHA, NA ZONA NORTE DA CAPITAL. (PASSA P/ RUA REGINA MARTA DOS SANTOS DE OLIVEIRA).'' que foi encerrado, pois foi retirado pelo autor.;10/08/2011;Projeto
40;Criou o projeto de ementa que: ''DENOMINA PRACA JOSE RIBEIRO RAMOS O ESPACO LIVRE SEM DENOMINACAO LOCALIZADO ENTRE AS RUAS DESEMBARGADOR SILVIO BARBOSA E A RUA DESEMBARGADOR OSVALDO ARANHA BANDEIRA DE MELLO - CIDADE KEMEL, SUBPREFEITURA ITAIM PAULISTA, E DA OUTRAS PROVIDENCIAS.'' que foi encerrado, pois foi retirado pelo autor.;15/08/2011;Projeto
51;Criou o projeto de ementa que: ''ALTERA A DENOMINACAO DO CLUBE DA CIDADE - CDC UNIAO NORDESTE FC '' que foi encerrado, pois foi retirado pelo autor.;15/08/2011;Projeto
45;Criou o projeto de ementa que: ''DISPOE SOBRE CONCESSAO DE HOMENAGEM EM FORMA DE HONRARIA SALVA DE PRATA EM COMEMORACAO AOS 15 ANOS DA FUNDACAO DA UNIDADE EDUCACIONAL LER E ESCREVER, E DA OUTRAS PROVIDENCIAS. *** SESSAO SOLENE DE ENTREGA REALIZADA EM 31/10/2011 AS 19H30 NO PLENARIO ***'' que foi encerrado, pois foi promulgado.;30/08/2011;Projeto
23;Criou o projeto de ementa que: ''DISPOE SOBRE A OUTORGA DA MEDALHA ANCHIETA E DO DIPLOMA DE GRATIDAO DA CIDADE DE SAO PAULO AO PROFESSOR BENEDITO CARLOS DE SOUZA TATE, E DA OUTRAS PROVIDENCIAS. *** SESSAO SOLENE REALIZADA EM 21/03/2012 AS 19H NO SALAO NOBRE ***'' que foi encerrado, pois foi promulgado.;30/08/2011;Projeto
23;Criou o projeto de ementa que: ''DISPOE SOBRE A CONCESSAO DE TITULO DE CIDADAO PAULISTANO AO PROFESSOR TOKUICHI NISHIHARA, E DA OUTRAS PROVIDENCIAS.'' que foi encerrado, pois foi promulgado.;30/08/2011;Projeto
27;"Criou o projeto de ementa que: ''DISPOE SOBRE A OUTORGA DE ""MEDALHA ANCHIETA E DIPLOMA DE GRATIDAO DA CIDADE DE SAO PAULO"" AO SR. JOSE LUIZ GOMES DO AMARAL, E DA OUTRAS PROVIDENCIAS. *** SESSAO SOLENE DE ENTREGA REALIZADA EM 18/10/11 AS 20H NO PLENARIO ***'' que foi encerrado, pois foi promulgado.";30/08/2011;Projeto
37;Criou o projeto de ementa que: ''DISPOE SOBRE A INCLUSAO DE ENXADRISMO COMO ATIVIDADE CURRICULAR DO ENSINO FUNDAMENTAL NO MUNICIPIO DE SAO PAULO E DA OUTRAS PROVIDENCIAS.'' que foi encerrado, por motivo de ilegalidade (art. 79 reg. int.).;06/09/2011;Projeto
44;Criou o projeto de ementa que: ''REVOGA NA INTEGRA O DECRETO 52.290, DE 3 DE MAIO DE 2011, QUE DECLARA DE UTILIDADE PUBLICA, PARA FIM DE DESAPROPRIACAO, IMOVEIS PARTICULARES SITUADOS NO DISTRITO DA LAPA, SUBPREFEITURA DA LAPA, NECESSARIOS A IMPLANTACAO DE EQUIPAMENTO PUBLICO.'' que foi encerrado, pois foi promulgado.;14/09/2011;Projeto
133;Criou o projeto de ementa que: ''CONCEDE O TITULO DE CIDADAO PAULISTANO AO SR. FRANCISCO GOMES DA SILVA. *** SESSAO SOLENE DE ENTREGA REALIZADA EM 30/11/11 AS 19H NO AUDITORIO DO TEMPLO NOBRE DO PALACIO FRANCISCO RORATO DA GRANDE LOJA MACONICA DO ESTADO DE SAO PAULO, NA RUA SAO JOAQUIM, 138, LIBERDADE - SP ***'' que foi encerrado, pois foi promulgado.;14/09/2011;Projeto
114;Criou o projeto de ementa que: ''DISPOE SOBRE A OUTORGA DO TITULO DE SALVA DE PRATA EM HOMENAGEM AOS 90 ANOS DO SACERDOTE CARDEAL DOM PAULO EVARISTO ARNS.'' que foi encerrado, pois foi promulgado.;14/09/2011;Projeto
21;Criou o projeto de ementa que: ''DISPOE SOBRE A OUTORGA DE TITULO DE CIDADAO PAULISTANO AO SENHOR EMILIO VITALINO SANTIAGO, E DA OUTRAS PROVIDENCIAS.'' que foi encerrado, pois foi promulgado.;14/09/2011;Projeto
40;Criou o projeto de ementa que: ''DISPOE SOBRE A OUTORGA DE TITULO DE CIDADAO PAULISTANO AO SENHOR SERGIO ROBERTO SERAFIM, NO AMBITO DO MUNICIPIO DE SAO PAULO, E DA OUTRAS PROVIDENCIAS.'' que foi encerrado, pois foi promulgado.;14/09/2011;Projeto
131;Criou o projeto de ementa que: ''DISPOE SOBRE A CONCESSAO DE TITULO DE CIDADAO PAULISTANO AO DR. AIRTON GRAZZIOLI, E DA OUTRAS PROVIDENCIAS. *** SESSAO SOLENE DE ENTREGA REALIZADA EM 30/11/11 AS 19H NO SALAO NOBRE ***'' que foi encerrado, pois foi promulgado.;14/09/2011;Projeto
118;Criou o projeto de ementa que: ''DISPOE SOBRE A CONCESSAO DO TITULO DE CIDADAO PAULISTANO, AO ILUSTRISSIMO SENHOR DOUTOR LUIZ ALBERTO DE ARAUJO COSTA, E DA OUTRAS PROVIDENCIAS.'' que foi encerrado, pois foi promulgado.;14/09/2011;Projeto
32;Criou o projeto de ementa que: ''INSTITTUI O PROGRAMA HOSPITAL DOMICILIAR DE ATENDIMENTO E INTERNACAO DOMICILIAR NO MUNICIPIO DE SAO PAULO - PROHDOM, E DA OUTRAS PROVIDENCIAS.'' que foi encerrado, pois foi promulgado.;26/09/2011;Projeto
22;"Criou o projeto de ementa que: ''CONCEDE O ""TITULO DE CIDADAO PAULISTANO"" AO SR. JOSEPH SAYAH. *** SESSAO SOLENE DE ENTREGA REALIZADA EM 31/10/2011 AS 19H15 NO SALAO NOBRE ***'' que foi encerrado, pois foi promulgado.";29/09/2011;Projeto
27;"Criou o projeto de ementa que: ''CONCEDE O ""TITULO DE CIDADAO PAULISTANO"" AO SR. JOSEPH SAYAH. *** SESSAO SOLENE DE ENTREGA REALIZADA EM 31/10/2011 AS 19H15 NO SALAO NOBRE ***'' que foi encerrado, pois foi promulgado.";29/09/2011;Projeto
35;Criou o projeto de ementa que: ''CONCEDE TITULO DE CIDADAO PAULISTANO AO DR. EDOARDO POLLASTRI.'' que foi encerrado, pois foi promulgado.;29/09/2011;Projeto
112;Criou o projeto de ementa que: ''DISPOE SOBRE OUTORGA DE MEDALHA ANCHIETA E DIPLOMA DE GRATIDAO AO SR. KALIL ROCHA ABDALLA. *** SESSAO SOLENE DE ENTREGA REALIZADA EM 07/11/11 AS 19H30 NO SALAO NOBRE ***'' que foi encerrado, pois foi promulgado.;29/09/2011;Projeto
23;Criou o projeto de ementa que: ''DISPOE SOBRE A DENOMINACAO DE PRACA RODOLFO PINTO RIBEIRO NA JUNCAO DAS RUAS ENGENHEIRO ANTONIO TOLEDO CEP 02367-010 COM RUA CARLOS CAMARA CEP 02367-040 - JARDIM DAS PEDRAS NO BAIRRO DO TREMEMBE.'' que foi encerrado, pois foi retirado pelo autor.;03/10/2011;Projeto
19;Criou o projeto de ementa que: ''DISPOE SOBRE A OUTORGA DO TITULO DE CIDADAO PAULISTANO AO SENHOR DAVID AUGUSTO DA FONTE, E DA OUTRAS PROVIDENCIAS. *** SESSAO SOLENE DE ENTREGA REALIZADA EM 02/04/2012 AS 19H30 NO PLENARIO ***'' que foi encerrado, pois foi promulgado.;04/10/2011;Projeto
116;"Criou o projeto de ementa que: ''DISPOE SOBRE A OUTORGA DE ""TITULO DE CIDADA PAULISTANA"" A EXCELENTISSIMA SENHORA DOUTORA JUIZA DE DIREITO LUISLINDA DIAS DE VALOIS SANTOS, E DA OUTRAS PROVIDENCIAS.'' que foi encerrado, pois foi promulgado.";04/10/2011;Projeto
116;"Criou o projeto de ementa que: ''DISPOE SOBRE A OUTORGA DE ""TITULO DE CIDADAO PAULISTANO"" AO SENHOR ELOI FERREIRA DE ARAUJO, E DA OUTRAS PROVIDENCIAS.'' que foi encerrado, pois foi promulgado.";04/10/2011;Projeto
121;"Criou o projeto de ementa que: ''ALTERA A DENOMINACAO DA ATUAL ""EMEF CAMPO LIMPO II"" PARA EMEF DRA. ZILDA ARNS NEUMANN, LOCALIZADO NO DISTRITO DO CAPAO REDONDO.'' que foi encerrado, pois foi retirado pelo autor.";11/10/2011;Projeto
128;Criou o projeto de ementa que: ''DISPOE SOBRE A OUTORGA DE TITULO DE CIDADAO PAULISTANO AO COMENDADOR GRA-CRUZ PROFº DR. DOM DAVID DOS SANTOS ARAUJO, E DA OUTRAS PROVIDENCIAS.'' que foi encerrado, pois foi retirado pelo autor.;19/10/2011;Projeto
5;Criou o projeto de ementa que: ''DENOMINA RUA ELIAS XAVIER DE PAULA O LOGRADOURO PUBLICO INOMINADO QUE SE INICIA NA ALTURA DO Nº 97 DA RUA JOSE ROSCHEL RODRIGUES - BAIRRO RECANTO CAMPO BELO - PARELHEIROS (CROQUI DO LOCAL).'' que foi encerrado, pois foi retirado pelo autor.;25/10/2011;Projeto
114;Criou o projeto de ementa que: ''DISPOE SOBRE A OUTORGA DO TITULO DE SALVA DE PRATA EM HOMENAGEM AOS 300 ANOS DA IRMANDADE NOSSA SENHORA DO ROSARIO DOS HOMENS PRETOS DE SAO PAULO. *** SESSAO SOLENE DE ENTREGA REALIZADA EM 09/12/11 AS 14H NO SALAO NOBRE ***'' que foi encerrado, pois foi promulgado.;25/10/2011;Projeto
50;Criou o projeto de ementa que: ''DISPOE SOBRE A OUTORGA DO TITULO DE CIDADAO PAULISTANO AO DR. ANSELMO NAKATANI. *** SESSAO SOLENE REALIZADA EM 08/03/2012 AS 19H22 NO SALAO NOBRE ***'' que foi encerrado, pois foi promulgado.;25/10/2011;Projeto
50;Criou o projeto de ementa que: ''DISPOE SOBRE A OUTORGA DO TITULO DE CIDADAO PAULISTANO AO PROFESSOR TADACHI TAMAKI. *** SESSAO SOLENE REALIZADA EM 22/03/2012 AS 19H NO SALAO NOBRE ***'' que foi encerrado, pois foi promulgado.;25/10/2011;Projeto
25;Criou o projeto de ementa que: ''DISPOE SOBRE A OUTORGA DE SALVA DE PRATA AO SENHOR ADILSON JOSE DE SOUZA.'' que foi encerrado, pois foi promulgado.;25/10/2011;Projeto
39;Criou o projeto de ementa que: ''CONCEDE TITULO DE CIDADAO PAULISTANO AO SR. DIVALDO ROSA, E DA OUTRAS PROVIDENCIAS.'' que foi encerrado, pois foi promulgado.;25/10/2011;Projeto
40;Criou o projeto de ementa que: ''DISPOE SOBRE A OUTORGA DE TITULO DE CIDADA PAULISTANA A SENHORA KANEKO IKEDA, NO AMBITO DO MUNICIPIO DE SAO PAULO, E DA OUTRAS PROVIDENCIAS. *** SESSAO SOLENE DE ENTREGA DE TITULO DE CIDADAO PAULISTANO REALIZADA EM 03/05/2012 AS 19H30, LOCALIZADO A RUA TAMANDARE 984 - ACLIMACAO - SAO PAULO ***'' que foi encerrado, pois foi promulgado.;25/10/2011;Projeto
11;"Criou o projeto de ementa que: ''DISPOE SOBRE A OUTORGA DA ""MEDALHA ANCHIETA"" AO PROFESSOR CARLOS ALBERTO CERQUEIRA LEMOS, E DA OUTRAS PROVIDENCIAS.'' que foi encerrado, pois foi promulgado.";25/10/2011;Projeto
9;"Criou o projeto de ementa que: ''DISPOE SOBRE DENOMINACAO DE LOGRADOURO PUBLICO, E DA OUTRAS PROVIDENCIAS. (DENOMINA-SE PRCA ""IOLI ABILIO"", A ATUAL PCA. INOMINADA, LOCALIZADA ENTRE A ALTURA DO Nº 360 DA RUA DA SAFRA E NA ALTURA DO Nº 321 DA RUA DOS MUTIRANTES,  BAIRRO CAPAO REDONDO, ZONA SUL).'' que foi encerrado, pois foi promulgado.";25/10/2011;Projeto
117;Criou o projeto de ementa que: ''DENOMINA PRACA ARTUR BENEDICTO SAMPAIO O LOGRADOURO PUBLICO INOMINADO LOCALIZADO NA CONFLUENCIA ENTRE A AVENIDA AMARILIS (CADLOG 00997-0) E RUA DAS ACUCENAS (CADLOG 000135-0), BAIRRO DO MORUMBI.'' que foi encerrado, pois foi promulgado.;01/11/2011;Projeto
32;"Criou o projeto de ementa que: ''ALTERA A LEI Nº 14.485, DE 19 DE JULHO DE 2007, COM A FINALIDADE DE INSTITUIR O ""DIA DO CORRETOR DE SEGUROS MUNICIPAL"", A SER COMEMORADO, ANUALMENTE, NO DIA 12 DE OUTUBRO DE CADA ANO.'' que foi encerrado, pois foi promulgado.";04/11/2011;Projeto
35;Criou o projeto de ementa que: ''ALTERA A LEI Nº 14.485, DE 19 DE JULHO DE 2007, PARA INCLUIR O DIA DE RECONHECIMENTO DO GENOCIDIO DO POVO ARMENIO.'' que foi encerrado, pois foi promulgado.;04/11/2011;Projeto
40;"Criou o projeto de ementa que: ''INSTITUI ""O DIA DO MEDICO VETERINARIO"" NO AMBITO DO MUNICIPIO DE SAO PAULO, E DA OUTRAS PROVIDENCIAS.'' que foi encerrado, pois foi promulgado.";04/11/2011;Projeto
21;"Criou o projeto de ementa que: ''DISPOE SOBRE A OUTORGA DE ""TITULO DE CIDADAO PAULISTANO"" AO SR. JAIME ALVES AROXA NETO, E DA OUTRAS PROVIDENCIAS.'' que foi encerrado, pois foi promulgado.";08/11/2011;Projeto
117;Criou o projeto de ementa que: ''DISPOE SOBRE A CONCESSAO DE TITULO DE CIDADAO PAULISTANO AO SR. FRANCISCO BARBOSA NASCIMENTO'' que foi encerrado, pois foi promulgado.;08/11/2011;Projeto
131;Criou o projeto de ementa que: ''DISPOE SOBRE A CONCESSAO DE SALVA DE PRATA AO SECOVI-SP, E DA OUTRAS PROVIDENCIAS. *** SESSAO SOLENE DE ENTREGA REALIZADA EM 23/11/11 AS 19H NO SALAO NOBRE ***'' que foi encerrado, pois foi promulgado.;08/11/2011;Projeto
113;Criou o projeto de ementa que: ''DISPOE SOBRE A OUTORGA DE SALVA DE PRATA EM HOMENAGEM A UNIAO DE MULHERES DE SAO PAULO.'' que foi encerrado, pois foi retirado pelo autor.;11/11/2011;Projeto
121;Criou o projeto de ementa que: ''DISPOE SOBRE ALTERACAO DOS ARTIGOS 2º, 3º E 5º DA LEI 14.660 DE 26 DE DEZEMBRO DE 2007, EM SEUS ANEXOS, E AS TABELAS DE VENCIMENTOS DO QUADRO DO MAGISTERIO E DO QUADRO DE APOIO A EDUCACAO.'' que foi encerrado, pois foi retirado pelo autor.;21/11/2011;Projeto
43;Criou o projeto de ementa que: ''DENOMINA A PRACA MARIA ANUNCIADA TORRES BATISTA A PRACA PUBLICA INOMINADA, SITUADA ENTRE AS RUAS HERCULANO JOSE DOS SANTOS E LUIZ ELSON, PERUS.'' que foi encerrado, pois foi promulgado.;23/11/2011;Projeto
19;Criou o projeto de ementa que: ''DENOMINA PRACA MANUEL MARCOS SENRA AZEVEDO, O ESPACO LIVRE DELIMITADO PELA AVENIDA ONZE DE JUNHO E RUA HABERBECK BRANDAO, BAIRRO/DISTRITO DE VILA MARIANA, SUBPREFEITURA VILA MARIANA, E DA OUTRAS PROVIDENCIAS.'' que foi encerrado, pois foi promulgado.;23/11/2011;Projeto
119;Criou o projeto de ementa que: ''ESTABELECE NORMA GERAL NO AMBITO DA LEGISLACAO MUNICIPAL SOBRE A CULTURA, E DA OUTRAS PROVIDENCIAS.'' que foi encerrado, pois foi retirado pelo autor.;24/11/2011;Projeto
19;Criou o projeto de ementa que: ''ALTERA A LEI Nº 14.485, DE 19 DE JULHO DE 2007, PARA NELA INCLUIR O DIA MUNICIPAL DO CHEVROLET CLUBE DO BRASIL DE CARROS ANTIGOS, A SER COMEMORADO, ANUALMENTE, NO MES DE AGOSTO, E DA OUTRAS PROVIDENCIAS.'' que foi encerrado, pois foi promulgado.;28/11/2011;Projeto
37;Criou o projeto de ementa que: ''ALTERA A LEI Nº 14.485, DE 19 DE JULHO DE 2007, PARA INCLUIR O DIA DE COMBATE AO CRACK, A SE CELEBRAR ANUALMENTE NO DIA 15 DE JUNHO E DA OUTRAS PROVIDENCIAS.'' que foi encerrado, pois foi promulgado.;28/11/2011;Projeto
117;Criou o projeto de ementa que: ''ALTERA A LEI Nº 14.485, DE 19 DE JULHO DE 2007 COM A FINALIDADE DE INCLUIR NO CALENDARIO OFICIAL DE EVENTOS DO MUNICIPIO DE SAO PAULO O DESFILE YAYARTES - BLOCO CARNAVALESCO CASA DA DONA YAYA.'' que foi encerrado, pois foi promulgado.;28/11/2011;Projeto
35;Criou o projeto de ementa que: ''ALTERA A LEI 14.485, DE 19 DE JULHO DE 2007, PARA INCLUIR O DIA DA NOSSA SENHORA DO LIBANO A SER COMEMORADO ANUALMENTE NO 3º DOMINGO DE MAIO, E DA OUTRAS PROVIDENCIAS.'' que foi encerrado, pois foi promulgado.;28/11/2011;Projeto
29;Criou o projeto de ementa que: ''ALTERA A LEI 14.485, DE 19 DE JULHO DE 2007, QUE CONSOLIDOU A LEGISLACAO MUNICIPAL REFERENTE A DATAS COMEMORATIVAS, EVENTOS E FERIADOS DO MUNICIPIO DE SAO PAULO, PARA NELA INCLUIR O DIA DE LUTA CONTRA A CRIMINALIZACAO DOS MOVIMENTOS SOCIAIS, A SER COMEMORADO ANUALMENTE NO DIA 5 DE ABRIL, E DA OUTRAS PROVIDENCIAS.'' que foi encerrado, pois foi promulgado.;01/12/2011;Projeto
26;Criou o projeto de ementa que: ''AUTORIZA O PODER EXECUTIVO A CONCEDER A GRATUIDADE DO SERVICO DE TRANSPORTE COLETIVO URBANO AS LIDERANCAS COMUNITARIAS, E DA OUTRAS PROVIDENCIAS.'' que foi encerrado, pois foi retirado pelo autor.;07/12/2011;Projeto
27;Criou o projeto de ementa que: ''ALTERA A DENOMINACAO DA UBS VILA IMPERIO, LOCALIZADA NA RUA CATARINA GABRIELLI, 150, CIDADE ADEMAR, PARA UBS VILA IMPERIO - DRA. GILDA TERA TAHIRA, E DA OUTRAS PROVIDENCIAS.'' que foi encerrado, pois foi retirado pelo autor.;07/12/2011;Projeto
3;Criou o projeto de ementa que: ''DISPOE SOBRE A CONCESSAO DO TITULO DE CIDADA PAULISTANA A MARIA VICTORIA DE MESQUITA BENEVIDES SOARES, E DA OUTRAS PROVIDENCIAS.'' que foi encerrado, pois foi promulgado.;09/12/2011;Projeto
50;Criou o projeto de ementa que: ''DISPOE SOBRE A OUTORGA DO TITULO DE CIDADAO PAULISTANO AO DR. MANOEL SANTANA CAMARA ALVES.'' que foi encerrado, pois foi promulgado.;09/12/2011;Projeto
32;Criou o projeto de ementa que: ''CONCEDE SALVA DE PRATA PARA UNIMED PAULISTANA, EM COMEMORACAO AOS 40 ANOS DA ENTIDADE. *** SESSAO SOLENE DE ENTREGA REALIZADA EM 12/12/11 AS 19H NO SALA NOBRE ***'' que foi encerrado, pois foi promulgado.;09/12/2011;Projeto
35;Criou o projeto de ementa que: ''DISPOE SOBRE A OUTORGA DE SALVA DE PRATA EM HOMENAGEM AOS 100 ANOS DO SANTOS FUTEBOL CLUBE.'' que foi encerrado, pois foi promulgado.;09/12/2011;Projeto
128;"Criou o projeto de ementa que: ''DISPOE SOBRE A OUTORGA DE ""MEDALHA ANCHIETA"" AO SR. ANTONIO CESAR ROMAO, E DA OUTRAS PROVIDENCIAS.'' que foi encerrado, pois foi promulgado.";09/12/2011;Projeto
112;Criou o projeto de ementa que: ''DISPOE SOBRE A OUTORGA DO TITULO DE CIDADA PAULISTANA A MAURREN HIGA MAGGI, E DA OUTRAS PROVIDENCIAS.'' que foi encerrado, pois foi promulgado.;09/12/2011;Projeto
38;Criou o projeto de ementa que: ''DISPOE SOBRE A OUTORGA DO TITULO DE CIDADAO PAULISTANO AO SR. ARMENIO GUEDES.'' que foi encerrado, pois foi promulgado.;09/12/2011;Projeto
39;Criou o projeto de ementa que: ''CONCEDE A SALVA DE PRATA AO CENTRO ESPORTIVO EDUCACIONAL SENADOR JOSE ERMIRIO DE MORAES, MAIS CONHECIDO COMO CLUBE ESCOLA CURUCA, E DA OUTRAS PROVIDENCIAS.'' que foi encerrado, pois foi promulgado.;09/12/2011;Projeto
39;Criou o projeto de ementa que: ''CONCEDE TITULO DE CIDADAO PAULISTANO AO SR. SYLVIO ALVES SENA, E DA OUTRAS PROVIDENCIAS.'' que foi encerrado, pois foi promulgado.;09/12/2011;Projeto
35;Criou o projeto de ementa que: ''CONCEDE TITULO DE CIDADAO PAULISTANO AO DR. EDUARDO AUGUSTO ALVES VERA-CRUZ PINTO. *** SESSAO SOLENE DE ENTREGA DE TITULO DE CIDADAO PAULISTANO REALIZADA EM 23/02/2012 AS 19H, NO SALAO NOBRE DA CAMARA MUNICIPAL DE SAO PAULO ***'' que foi encerrado, pois foi promulgado.;09/12/2011;Projeto
44;Criou o projeto de ementa que: ''CONCEDE TITULO DE CIDADAO PAULISTANO AO SR. ODED GRAJEW, E DA OUTRAS PROVIDENCIAS.'' que foi encerrado, pois foi promulgado.;09/12/2011;Projeto
11;Criou o projeto de ementa que: ''DISPOE SOBRE A OUTORGA DE SALVA DE PRATA EM HOMENAGEM AOS 30 ANOS DA OBRA SOCIAL DOM BOSCO EM  ITAQUERA. *** SESSAO SOLENE DE ENTREGA REALIZADA EM 25/11/11 AS 19H30 NO CENTRO DE FORMACAO E CULTURA DOM BOSCO/CSC, AVENIDA DO CONTORNO S/N, ITAQUERA - SP ***'' que foi encerrado, pois foi promulgado.;09/12/2011;Projeto
118;Criou o projeto de ementa que: ''DISPOE SOBRE A OUTORGA DE SALVA DE PRATA EM HOMENAGEM AOS 30 ANOS DA OBRA SOCIAL DOM BOSCO EM  ITAQUERA. *** SESSAO SOLENE DE ENTREGA REALIZADA EM 25/11/11 AS 19H30 NO CENTRO DE FORMACAO E CULTURA DOM BOSCO/CSC, AVENIDA DO CONTORNO S/N, ITAQUERA - SP ***'' que foi encerrado, pois foi promulgado.;09/12/2011;Projeto
16;Criou o projeto de ementa que: ''DISPOE SOBRE A CONCESSAO DA SALVA DE PRATA A EMEI GUIA LOPES *** HONRARIA RETIRADA PELO VEREADOR PARA SER ENTREGUE FORA DA CASA ***'' que foi encerrado, pois foi promulgado.;16/12/2011;Projeto
50;Criou o projeto de ementa que: ''DISPOE SOBRE A OUTORGA DA MEDALHA ANCHIETA E DIPLOMA DE GRATIDAO DA CIDADE DE SAO PAULO, AO ILUSTRISSIMO SENHOR VALDIR GARCIA VIDAL, E DA OUTRAS PROVIDENCIAS.'' que foi encerrado, pois foi promulgado.;16/12/2011;Projeto
23;"Criou o projeto de ementa que: ''DISPOE SOBRE A CONCESSAO DE TITULO DE CIDADAO PAULISTANO AO ""SENHOR YASUNORI YONAMINE"", E DA OUTRAS PROVIDENCIAS *** HONRARIA RETIRADA EM 17/01/2012 PARA SER ENTREGUE EM EVENTO FORA DA CASA ***'' que foi encerrado, pois foi promulgado.";16/12/2011;Projeto
3;Criou o projeto de ementa que: ''DISPOE SOBRE A CON CESSAO DO TITULO DE CIDADAO PAULISTANO A MARCELO ODEBRECHT, E DA OUTRAS PROVIDENCIAS.'' que foi encerrado, pois foi promulgado.;16/12/2011;Projeto
41;"Criou o projeto de ementa que: ''DISPOE SOBRE A CONCESSAO DE HOMENAGEM EM FORMA DE HONRARIA ""SALVA DE PRATA"" PELOS 40 ANOS DO HOSPITAL DO SERVIDOR PUBLICO MUNICIPAL EM FORMA DE AUTARQUIA MUNICIPAL, E DA OUTRAS PROVIDENCIAS.'' que foi encerrado, pois foi promulgado.";16/12/2011;Projeto
27;"Criou o projeto de ementa que: ''DISPOE SOBRE A OUTORGA DE ""TITULO DE CIDADAO PAULISTANO"" AO SR. LUIZ GONZAGA KEDI AYRAO, E DA OUTRAS PROVIDENCIAS. *** SESSAO SOLENE DE ENTREGA REALIZADA EM 17/04/2012 AS 19H NO SALAO NOBRE ***'' que foi encerrado, pois foi promulgado.";16/12/2011;Projeto
5;Criou o projeto de ementa que: ''DISPOE SOBRE AS NOVAS CONTRATACOES PARA A FUNCAO DE MOTORISTA NOS ONIBUS QUE INTEGRAM O SISTEMA DE TRANSPORTE COLETIVO DO MUNICIPIO DE SAO PAULO, E DA OUTRAS PROVIDENCIAS.'' que foi encerrado, pois foi retirado pelo autor.;19/12/2011;Projeto
44;Criou o projeto de ementa que: ''INSTITUI O DIA MUNICIPAL DA ECONOMIA SOLIDARIA.'' que foi encerrado, pois foi promulgado.;04/01/2012;Projeto
116;Criou o projeto de ementa que: ''ALTERA O INCISO CXXIX, DA LEI 14.485, DE 19 DE JULHO DE 2007, PARA INCLUIR NO CALENDARIO DE EVENTOS DO MUNICIPIO A FESTA DO CMTC (COMPANHIA MUNICIPAL DE TRANSPORTES COLETIVOS) CLUBE EM HOMENAGEM AOS TRABALHADORES DOS TRANSPORTES, E DA OUTRAS PROVIDENCIAS.'' que foi encerrado, pois foi promulgado.;04/01/2012;Projeto
131;"Criou o projeto de ementa que: ''ALTERA A LEI Nº 14.485, DE 19 DE JULHO DE 2007, PARA INCLUIR O ""DIA DO BAIRRO DO TEOTONIO VILELA"", A SER COMEMORADO ANUALMENTE NO DIA 26 DE SETEMBRO.'' que foi encerrado, pois foi promulgado.";04/01/2012;Projeto
118;Criou o projeto de ementa que: ''ALTERA A LEI 14.485, DE 19 DE JULHO DE 2007, COM A FINALIDADE DE INCLUIR NO CALENDARIO OFICIAL DE EVENTOS DA CIDADE DE SAO PAULO O DIA EM MEMORIA AO FUTEBOL BRASILEIRO, A SER COMEMORADO NO DIA 24 DE NOVEMBRO, E DA OUTRAS PROVIDENCIAS.'' que foi encerrado, pois foi promulgado.;23/01/2012;Projeto
27;Criou o projeto de ementa que: ''ALTERA A REDACAO DO INCISO LXIX, DO ARTIGO 7º, DA LEI 14.485 DE 19 DE JULHO DE 2007, E DA OUTRAS PROVIDENCIAS. (REF. AO DIA DO RECONHECIMENTO E LEMBRANCA AS VITIMAS DO GENOCIDIO ARMENIO EM 1915, A SER REALIZADO, ANUALMENTE, EM 24 DE ABRIL).'' que foi encerrado, pois foi retirado pelo autor.;13/02/2012;Projeto
19;Criou o projeto de ementa que: ''DENOMINA PASSARELA ANTONIO JOSE DA FONSECA, O LOGRADOURO INOMINADO, A PERMITIR O DESLOCAMENTO EXCLUSIVO DE PEDESTRES, LOCALIZADO NO SENTIDO TRANSVERSAL A VIA DE CIRCULACAO: AV.DO ESTADO, ACESSO DA RUA DONA ANA NERI PARA A ESTACAO ANA NERI, BAIRRO/DISTRITO CAMBUCI, SUBPREFEITURA DA SE.'' que foi encerrado, pois foi promulgado.;14/02/2012;Projeto
40;"Criou o projeto de ementa que: ''INSTITUI NO CALENDARIO OFICIAL DO MUNICIPIO DE SAO PAULO, O EVENTO ESPORTIVO DENOMINADO ""200 MILHAS DE INTERLAGOS"", E DA OUTRAS PROVIDENCIAS.'' que foi encerrado, pois foi promulgado.";14/02/2012;Projeto
121;Criou o projeto de ementa que: ''ALTERA A LEI Nº 14.485, DE 19 DE JULHO DE 2007, COM A FINALIDADE DE INCLUIR NO CALENDARIO OFICIAL DE EVENTOS DA CIDADE DE SAO PAULO O FESTIVAL DE INVERNO DA MOOCA, E DA OUTRAS PROVIDENCIAS'' que foi encerrado, pois foi promulgado.;14/02/2012;Projeto
27;Criou o projeto de ementa que: ''DISPOE SOBRE A INCLUSAO NO CALENDARIO OFICIAL DO MUNICIPIO O ENCONTRO DE CULTURA E ARTE DAS COMUNIDADES DE RAIZES ESTRANGEIRAS, E DA OUTRAS PROVIDENCIAS.'' que foi encerrado, pois foi promulgado.;16/02/2012;Projeto
5;Criou o projeto de ementa que: ''ALTERA A LEI Nº 14.485, DE 19 DE JULHO DE 2007, PARA INCLUIR O EVENTO CARNAVAL DE RUA DE PERUS, A SER REALIZADO ANUALMEN- TE NA TERCA-FEIRA DE CARNAVAL, E DA OUTRAS PROVIDENCIAS.'' que foi encerrado, pois foi promulgado.;16/02/2012;Projeto
5;Criou o projeto de ementa que: ''INSTITUI O DIA DE PARAISOPOLIS NO AMBITO DO MUNICIPIO DE SAO PAULO, E DA OUTRAS PROVIDENCIAS.'' que foi encerrado, pois foi promulgado.;16/02/2012;Projeto
29;"Criou o projeto de ementa que: ''ALTERA A LEI 14.485, DE 19 DE JULHO DE 2007 PARA INCLUIR A ""VIRADA GASTRONOMICA PAULISTANA"", A SER REALIZADA ANUALMENTE NO MES DE MARCO, E DA OUTRAS PROVIDENCIAS.'' que foi encerrado, pois foi promulgado.";16/02/2012;Projeto
45;Criou o projeto de ementa que: ''ACRESCENTA INCISO NO ART. 7º DA LEI 14.485, DE 19 DE JULHO DE 2007, QUE CONSOLIDOU A LEGISLACAO MUNICIPAL REFERENTE A DATAS COMEMORATIVAS, EVENTOS E FERIADOS DO MUNICIPIO DE SAO PAULO, PARA INCLUIR NO CALENDARIO A SEMANA JUNTOS CONTRA O BULLYING, A SER REALIZADA, ANUALMENTE NA QUARTA SEMANA DE SETEMBRO, E DA OUTRAS PROVIDENCIAS.'' que foi encerrado, pois foi promulgado.;16/02/2012;Projeto
127;Criou o projeto de ementa que: ''ACRESCENTA INCISO NO ART. 7º DA LEI 14.485, DE 19 DE JULHO DE 2007, QUE CONSOLIDOU A LEGISLACAO MUNICIPAL REFERENTE A DATAS COMEMORATIVAS, EVENTOS E FERIADOS DO MUNICIPIO DE SAO PAULO, PARA INCLUIR NO CALENDARIO A SEMANA JUNTOS CONTRA O BULLYING, A SER REALIZADA, ANUALMENTE NA QUARTA SEMANA DE SETEMBRO, E DA OUTRAS PROVIDENCIAS.'' que foi encerrado, pois foi promulgado.;16/02/2012;Projeto
37;"Criou o projeto de ementa que: ''ALTERA A LEI Nº 14.485, DE 19 DE JULHO DE 2007, PARA CRIAR O ""DIA DO CIRCULO DE ORACAO"", A SER COMEMORADO ANUALMENTE NO DIA 06 DE MARCO, E DA OUTRAS PROVIDENCIAS.'' que foi encerrado, pois foi promulgado.";16/02/2012;Projeto
119;Criou o projeto de ementa que: ''ALTERA A LEI Nº 14.485 DE 19 DE JULHO DE 2007, PARA INCLUIR NO CALENDARIO OFICIAL DO MUNICIPIO DA CIDADE DE SAO PAULO, O PAGODE DA 27, A SER REALIZADO ANUALMENTE NO ULTIMO DOMINGO DE AGOSTO, E DA OUTRAS PROVIDEENCIAS.'' que foi encerrado, pois foi promulgado.;16/02/2012;Projeto
4;"Criou o projeto de ementa que: ''DENOMINA ""PRACA CICERO CRUZ LANDIM"", A INOMINADA PRACA LOCALIZADA ENTRE AS RUAS CANDIDO GOMIDE E A RUA JOAO DA SILVA, NO ITAIM PAULISTA, E DA OUTRAS PROVIDENCIAS.'' que foi encerrado, pois foi promulgado.";23/02/2012;Projeto
19;Criou o projeto de ementa que: ''DENOMINA PRACA LUDOVICO PIAZZA O LOGRADOURO INOMINADO DELIMITADO PELAS VIAS DE CIRCULACAO: RUA WANDENKOLK E RUA DA MOOCA - SUBPREFEITURA DA MOOCA, E DA OUTRAS PROVIDENCIAS.'' que foi encerrado, pois foi promulgado.;23/02/2012;Projeto
38;Criou o projeto de ementa que: ''INTRODUZ ALTERACAO NO O 3º DO ARTIGO 91 DA LEI 11.434, DE 12 DE NOVEMBRO DE 1993. (REF. A REMUNERACAO DE CARGO DE SECRETARIO DE ESCOLA).'' que foi encerrado, por motivo de ilegalidade (art. 79 reg. int.).;27/02/2012;Projeto
50;Criou o projeto de ementa que: ''DISPOE SOBRE A CRIACAO, NO AMBITO DA CAMARA MUNICIPAL DE SA PAULO, DA FRENTE PARLAMENTAR RIO+20, E DA OUTRAS PROVIDENCIAS.'' que foi encerrado, por motivo de igual teor (art. 212 reg. int.).;28/02/2012;Projeto
113;"Criou o projeto de ementa que: ''CRIA O PREMIO ""HELEIETH SAFFIOTI"", E DA OUTRAS PROVIDENCIAS.'' que foi encerrado, pois foi promulgado.";07/03/2012;Projeto
19;Criou o projeto de ementa que: ''DENOMINA TRAVESSA   ALZIRA  CARVALHO  NUNES O LOGRADOURO INOMINADO, DESTINADO A CIRCULACAO DE VEICULOS E PEDESTRES, SITUADO NA ALTURA DOS NUMEROS 57 E 59 DA RUA PIPERALES, BAIRRO/DISTRITO CANGAIBA, SUBPREFEITURA DA PENHA, E DA OUTRAS PROVIDENCIAS.'' que foi encerrado, pois foi retirado pelo autor.;12/03/2012;Projeto
19;Criou o projeto de ementa que: ''ALTERA O INCISO CXI, DO ARTIGO 7º, DA LEI Nº 14.485, DE 19 DE JULHO DE 2007, PARA INCLUIR O DIA DO ENXADRISTA, A SER COMEMORADO, ANUALMENTE, EM 12 DE JUNHO, E DA OUTRAS PROVIDENCIAS.'' que foi encerrado, pois foi promulgado.;16/03/2012;Projeto
19;Criou o projeto de ementa que: ''ALTERA O INCISO LXXXVII, DO ART. 7º, DA LEI 14.485, DE 19 DE JULHO DE 2007, PARA INCLUIR O DIA DAS AUTO MOTO ESCOLAS E DOS CENTROS FORMADORES DE CONDUTORES - CFC'S EM GERAL, A SER COMEMORADO, ANUALMENTE, EM 15 DE MAIO, E DA OUTRAS PROVIDENCIAS.'' que foi encerrado, pois foi promulgado.;30/03/2012;Projeto
27;Criou o projeto de ementa que: ''ALTERA A LEI Nº 14.485, DE 19 DE JULHO DE 2007, COM A FINALIDADE DE INCLUIR NO CALENDARIO DE EVENTOS DA CIDADE DE SAO PAULO O DIA DA FEIRA DE SAUDE DA ASSOCIACAO COMERCIAL DE SAO PAULO, E DA OUTRAS PROVIDENCIAS.'' que foi encerrado, pois foi promulgado.;30/03/2012;Projeto
37;Criou o projeto de ementa que: ''INSTITUI NO AMBITO DO MUNICIPIO DE SAO PAULO A SEMANA DE PREVENCAO E COMBATE A DEPRESSAO POS-PARTO, E AINDA DISPOE SOBRE AS DIRETRIZES DA CONSCIENTIZACAO QUANTO A PREVENCAO, DIAGNOSTICO E DO PROPRIO TRATAMENTO DA DEPRESSAO POS-PARTO NA REDE PUBLICA DE SAUDE DO MUNICIPIO DE SAO PAULO, E DA OUTRAS PROVIDENCIAS.'' que foi encerrado, pois foi promulgado.;30/03/2012;Projeto
3;Criou o projeto de ementa que: ''INSTITUI A SEPARACAO DOS RESIDUOS RECICLAVEIS DESCARTADOS PELOS ORGAOS E ENTIDADES DA ADMINISTRACAO PUBLICA MUNICIPAL DIRETA E INDIRETA, E A SUA DESTINACAO AS COOPERATIVAS DOS CATADORES DE MATERIAIS RECICLAVEIS.'' que foi encerrado, pois foi retirado pelo autor.;30/03/2012;Projeto
133;Criou o projeto de ementa que: ''ALTERA A LEI Nº 14.485, DE 19 DE JULHO DE 2007, PARA INCLUIR O DIA DO BAIRRO DE VILA GUILHERME A SER COMEMORADO ANUALMENTE NO DIA 12 DE SETEMBRO, E DA OUTRAS PROVIDENCIAS.'' que foi encerrado, pois foi promulgado.;30/03/2012;Projeto
26;Criou o projeto de ementa que: ''DISPOE SOBRE DENOMINACAO DE LOGRADOURO PUBLICO SITUADO ENTRE A CONFLUENCIA DA PRACA MINISTRO CHEIKH PIERRE A. GENAYEL COM RUA DAS FIANDEIRAS E RUA CAETANO VELASCO, ATE A CONFLUENCIA DA AV. FARIA LIMA, HELIO PELEGRINO E PRACA DR, JULIO CONCEICAO NEVES, NO BAIRRO DA VILA OLIMPIA, NESTA CAPITAL. (FICA DENOMINADA RUA MICHEL MILAN)'' que foi encerrado, pois foi retirado pelo autor.;30/03/2012;Projeto
21;Criou o projeto de ementa que: ''ALTERA DENOMINACAO DA RUA VIRGILINA SALES PARA RUA NIAZI CHOHFI, SITUADA NO DISTRITO SE, E DA OUTRAS PROVIDENCIAS.'' que foi encerrado, pois foi promulgado.;02/04/2012;Projeto
5;Criou o projeto de ementa que: ''DENOMINA PRACA ANSELMO LANGHI, O LOGRADOURO PUBLICO INOMINADO EXISTENTE ENTRE OS NºS. 288 E 378 DA AVENIDA MARECHAL JUAREZ TAVORA - SUPERQUADRA MORUMBI.'' que foi encerrado, pois foi promulgado.;04/04/2012;Projeto
113;Criou o projeto de ementa que: ''DENOMINA TRAVESSA IZABEL FERREIRA RUFINO A TRAVESSA QUE SAI DA RUA JOSE NARCISO DE MENEZES, SITUADA NO BAIRRO DE SAPOPEMBA, SUBPREFEITURA DE SAPOPEMBA/VILA PRUDENTE, E DA OUTRAS PROVIDENCIAS.'' que foi encerrado, pois foi promulgado.;04/04/2012;Projeto
9;Criou o projeto de ementa que: ''DISPOE SOBRE DENOMINACAO DE LOGRADOURO PUBLICO, E DA OUTRAS PROVIDENCIAS. (DENOMINA-SE VIELA ANTONIO CARLOS DONIQUE, CONHECIDA COMO VIELA COHAB ADVENTISTA, LOCALIZADA ENTRE A TRAVESSA RAIZ DE CEDRO E AS RUAS LAPA DOS ESTEIOS E RUA MILTON GUMILL, CAPAO REDONDO, ZONA SUL).'' que foi encerrado, pois foi promulgado.;04/04/2012;Projeto
19;Criou o projeto de ementa que: ''DENOMINA PRACA JOAO AMARO NAZARETH, O LOGRADOURO INOMINADO, DELIMITADO PELAS VIAS DE CIRCULACAO: AVENIDA CAMPANELLA E RUA VALDOMIRO FONSECA, BAIRRO E DISTRITO DE ITAQUERA, SUBPREFEITURA DE ITAQUERA, E DA OUTRAS PROVIDENCIAS.'' que foi encerrado, pois foi promulgado.;04/04/2012;Projeto
38;Criou o projeto de ementa que: ''ALTERA A LEI 14.485, DE 19 DE JULHO DE 2007, PARA INCLUIR A SEMANA MUNICIPAL DE ORIENTACAO VOCACIONAL, A SER REALIZADA, ANUALMENTE NA SEGUNDA SEMANA DE AGOSTO, E DA OUTRAS PROVIDENCIAS.'' que foi encerrado, pois foi retirado pelo autor.;05/04/2012;Projeto
41;Criou o projeto de ementa que: ''ALTERA A LEI Nº 14.485, DE 19 DE JULHO DE 2007, COM A FINALIDADE DE INCLUIR O DIA DO EVENTO SOCIAL CULTURAL DO IMIRIM A SER REALIZADO ANUALMENTE, NO SABADO ANTERIOR AO DA SEMANA DOS FESTEJOS DE CARNAVAL, E DA OUTRAS PROVIDENCIAS.'' que foi encerrado, pois foi promulgado.;09/04/2012;Projeto
39;Criou o projeto de ementa que: ''CONCEDE TITULO DE CIDADAO PAULISTANO AO SR. YOSHISHIGUE MIKAN, E DA OUTRAS PROVIDENCIAS.'' que foi encerrado, pois foi promulgado.;11/04/2012;Projeto
11;"Criou o projeto de ementa que: ''DISPOE SOBRE A CONCESSAO DE TITULO DE CIDADAO PAULISTANO AO SR. LEON CAKOFF, ""IN MEMORIAN"".'' que foi encerrado, pois foi promulgado.";11/04/2012;Projeto
3;Criou o projeto de ementa que: ''DISPOE SOBRE A CONCESSAO DO TITULO DE CIDADA PAULISTANA A JUVANDIA MOREIRA LEITE, E DA OUTRAS PROVIDENCIAS.'' que foi encerrado, pois foi promulgado.;11/04/2012;Projeto
37;Criou o projeto de ementa que: ''DISPOE SOBRE A OUTORGA DO TITULO DE CIDADAO PAULISTANO AO DR. ERNST WOLFGANG HAMBURGUER.'' que foi encerrado, pois foi promulgado.;11/04/2012;Projeto
38;Criou o projeto de ementa que: ''DISPOE SOBRE A OUTORGA DO TITULO DE CIDADAO PAULISTANO AO DR. ERNST WOLFGANG HAMBURGUER.'' que foi encerrado, pois foi promulgado.;11/04/2012;Projeto
39;Criou o projeto de ementa que: ''CONCEDE TITULO DE CIDADAO PAULISTANO AO SR. VANDERLAN CRAVO RAMOS, E DA OUTRAS PROVIDENCIAS.'' que foi encerrado, pois foi promulgado.;11/04/2012;Projeto
43;"Criou o projeto de ementa que: ''DISPOE SOBRE A ENTREGA DE ""TITULO DE CIDADAO PAULISTANO"" PARA O DR. EDUARDO BLANCO CARDOSO.'' que foi encerrado, pois foi promulgado.";11/04/2012;Projeto
112;Criou o projeto de ementa que: ''DISPOE SOBRE A OUTORGA DO TITULO DE CIDADAO PAULISTANO AO PROF. DR. FABIO ROMEU DE CARVALHO, E DA OUTRAS PROVIDENCIAS.'' que foi encerrado, pois foi promulgado.;11/04/2012;Projeto
29;Criou o projeto de ementa que: ''DISPOE SOBRE A CONCESSAO DE HOMENAGEM EM FORMA DE HONRARIA SALVA DE PRATA, EM COMEMORACAO AOS 25 ANOS DA AMZOL - ASSOCIACAO DE MULHERES DA ZONA LESTE, E DA OUTRAS PROVIDENCIAS.'' que foi encerrado, pois foi promulgado.;11/04/2012;Projeto
11;Criou o projeto de ementa que: ''CONCEDE SALVA DE PRATA EM COMEMORACAO AOS 30 ANOS DO CONSERVATORIO MUSICAL SOUZA LIMA.'' que foi encerrado, pois foi promulgado.;11/04/2012;Projeto
50;Criou o projeto de ementa que: ''DISPOE SOBRE A CONCESSAO DE TITULO DE CIDADAO PAULISTANO AO SR. KAZUAKI OBE, CONSUL GERAL DO JAPAO EM SAO PAULO, E DA OUTRAS PROVIDENCIAS.'' que foi encerrado, pois foi promulgado.;11/04/2012;Projeto
53;Criou o projeto de ementa que: ''DISPOE SOBRE A CONCESSAO DE HOMENAGEM EM FORMA DE HONRARIA SALVA DE PRATA, EM COMEMORACAO AOS 70 ANOS DO SINTETEL-SP - SINDICATO DOS TRABALHADORES EM EMPRESAS DE TELECOMUNICACOES E OPERADORES DE MESAS TELEFONICAS NO ESTADO DE SAO PAULO E DA OUTRAS PROVIDENCIAS.'' que foi encerrado, pois foi promulgado.;11/04/2012;Projeto
4;Criou o projeto de ementa que: ''DISPOE SOBRE A OUTORGA DE SALVA DE PRATA A ASSOCIACAO DOS MORADORES E AMIGOS DA VILA GUILHERME E PELA COMEMORACAO AOS 100º ANIVERSARIO DO BAIRRO VILA GUILHERME.'' que foi encerrado, pois foi promulgado.;11/04/2012;Projeto
48;Criou o projeto de ementa que: ''DISPOE SOBRE A OUTORGA DE SALVA DE PRATA A ASSOCIACAO DOS MORADORES E AMIGOS DA VILA GUILHERME E PELA COMEMORACAO AOS 100º ANIVERSARIO DO BAIRRO VILA GUILHERME.'' que foi encerrado, pois foi promulgado.;11/04/2012;Projeto
119;Criou o projeto de ementa que: ''DISPOE SOBRE A CONCESSAO DO TITULO DE CIDADA PAULISTANA A JUVANDIA MOREIRA LEITE, E DA OUTRAS PROVIDENCIAS.'' que foi encerrado, pois foi promulgado.;11/04/2012;Projeto
20;Criou o projeto de ementa que: ''SUSTA OS EFEITOS, EM TODOS OS SEUS TERMOS, DO ARTIGO 4º DO DECRETO Nº 52.066, DE 30 DE DEZEMBRO DE 2010, E DA OUTRAS PROVIDENCIAS. (REF. RENOVACAO OU TRANSFERENCIA DE ALVARAS DE TAXISTAS AUTONOMOS).'' que foi encerrado, pois foi retirado pelo autor.;12/04/2012;Projeto
44;Criou o projeto de ementa que: ''DISPOE SOBRE A CRIACAO DE FORUM SUPRAPARTIDARIO POR UMA SAO PAULO SAUDAVEL E SUSTENTAVEL.'' que foi encerrado, pois foi promulgado.;12/04/2012;Projeto
38;Criou o projeto de ementa que: ''DENOMINA PRACA PEDRINA GUEDES SILVA, O LOGRADOURO PUBLICO INOMINADO, LOCALIZADO NA CONFLUENCIA DAS RUAS PEDRO VIDAL E GUACHARAPOS - DISTRITO DE TUCURUVI.'' que foi encerrado, pois foi promulgado.;24/04/2012;Projeto
128;Criou o projeto de ementa que: ''INSTITUI, NO AMBITO DO MUNICIPIO DE SAO PAULO, O DIA MUNICIPAL DO HIPNOLOGO, E DA OUTRAS PROVIDENCIAS.'' que foi encerrado, pois foi promulgado.;24/04/2012;Projeto
20;"Criou o projeto de ementa que: ''ALTERA O ART. 8º DA LEI Nº 14.485, DE 19 DE JULHO DE 2007, PARA INCLUIR O ""SALAO INTERNACIONAL DE VEICULOS ANTIGOS"" NO CALENDARIO OFICIAL DE DATAS E EVENTOS DO MUNICIPIO DE SAO PAULO, A SE REALIZAR ANUALMENTE NOS MESES DE SETEMBRO, OUTUBRO E NOVEMBRO, E DA OUTRAS PROVIDENCIAS.'' que foi encerrado, pois foi promulgado.";24/04/2012;Projeto
22;"Criou o projeto de ementa que: ''DISPOE SOBRE A CONCESSAO DE TITULO DE CIDADAO PAULISTANO AO ""SENHOR AKEO UEHARA YOGUI"", E DA OUTRAS PROVIDENCIAS.'' que foi encerrado, pois foi promulgado.";25/04/2012;Projeto
131;Criou o projeto de ementa que: ''DISPOE SOBRE A CONCESSAO DA SALVA DE PRATA A IGREJA MUNDIAL DO PODER DE DEUS, E DA OUTRAS PROVIDENCIAS.'' que foi encerrado, pois foi promulgado.;25/04/2012;Projeto
128;Criou o projeto de ementa que: ''DISPOE SOBRE A OUTORGA DE MEDALHA ANCHIETA E DIPLOMA DE GRATIDAO AO DESEMBARGADOR RICARDO CARDOZO DE MELLO TUCUNDUVA, E DA OUTRAS PROVIDENCIAS.'' que foi encerrado, pois foi promulgado.;25/04/2012;Projeto
29;Criou o projeto de ementa que: ''DISPOE SOBRE A CONCESSAO DO TITULO DE CIDADAO PAULISTANO E OUTORGA DA MEDALHA ANCHIETA E DIPLOMA DE GRATIDAO DA CIDADE DE SAO PAULO AO SR. JOSE GRAZIANO DA SILVA.'' que foi encerrado, pois foi promulgado.;25/04/2012;Projeto
51;Criou o projeto de ementa que: ''DISPOE SOBRE A OUTORGA DE SALVA DE PRATA EM HOMENAGEM A ACSPMESP - ASSOCIACAO DOS CABOS E SOLDADOS DA POLICIA MILITAR DO ESTADO DE SAO PAULO.'' que foi encerrado, pois foi promulgado.;25/04/2012;Projeto
114;Criou o projeto de ementa que: ''DISPOE SOBRE A OUTORGA DO TITULO DE CIDADAO PAULISTANO AO ARCEBISPO DOM DAMASKINOS MANSOUR.'' que foi encerrado, pois foi promulgado.;25/04/2012;Projeto
45;"Criou o projeto de ementa que: ''DISPOE SOBRE CONCESSAO DE HOMENAGEM EM FORMA DE HONRARIA SALVA DE PRATA EM COMEMORACAO AOS 20 ANOS DO CURSO ESTUDOS ABERTOS PARA A TERCEIRA IDADE DAS FACULDADES INTEGRADAS ""CAMPOS SALLES"", E DA OUTRAS PROVIDENCIAS.'' que foi encerrado, pois foi promulgado.";25/04/2012;Projeto
26;"Criou o projeto de ementa que: ''DISPOE SOBRE A CONCESSAO DE ""TITULO DE CIDADA PAULISTANA"" A SRA. LIGEIA BENICIA DE ALMEIDA STIVANIN, E DA OUTRAS PROVIDENCIAS.'' que foi encerrado, pois foi promulgado.";25/04/2012;Projeto
41;Criou o projeto de ementa que: ''DISPOE SOBRE A CONCESSAO DE TITULO DE CIDADAO PAULISTANO AO SENHOR ANTONIO MARTINS FERREIRA NETO, E DA OUTRAS PROVIDENCIAS.'' que foi encerrado, pois foi promulgado.;25/04/2012;Projeto
34;Criou o projeto de ementa que: ''CONCEDE SALVA DE PRATA AO CONSERVATORIO MUSICAL ERNESTO NAZARETH.'' que foi encerrado, pois foi promulgado.;25/04/2012;Projeto
9;Criou o projeto de ementa que: ''DISPOE SOBRE A CONCESSAO DE HOMENAGEM EM FORMA DE HONRARIA SALVA DE PRATA, EM COMEMORACAO AOS 110 ANOS DO COLEGIO BATISTA  BRASILEIRO, E DA OUTRAS PROVIDENCIAS.'' que foi encerrado, pois foi promulgado.;25/04/2012;Projeto
4;Criou o projeto de ementa que: ''CONCEDE AO SR. HIROSHI KONNO, O TITULO DE CIDADAO PAULISTANO'' que foi encerrado, pois foi promulgado.;25/04/2012;Projeto
35;Criou o projeto de ementa que: ''CONCEDE TITULO DE CIDADAO PAULISTANO AO SR. NEYMAR DA SILVA SANTOS JUNIOR'' que foi encerrado, pois foi promulgado.;25/04/2012;Projeto
21;Criou o projeto de ementa que: ''OUTORGA A RODRIGO ALCAZAR FARO A MEDALHA ANCHIETA E O DIPLOMA DE GRATIDAO DA CIDADE DE SAO PAULO, E DA OUTRASPROVIDENCIAS.'' que foi encerrado, pois foi promulgado.;02/05/2012;Projeto
34;Criou o projeto de ementa que: ''CONCEDE SALVA DE PRATA A 12ª DELEGACIA DE POLICIA DA CAPITAL'' que foi encerrado, pois foi promulgado.;02/05/2012;Projeto
113;Criou o projeto de ementa que: ''DISPOE SOBRE A OUTORGA DO TITULO DE CIDADA PAULISTANA A SRA. ELEONORA MENICUCCI DE OLIVEIRA, E DA OUTRAS PROVIDENCIAS.'' que foi encerrado, pois foi promulgado.;02/05/2012;Projeto
127;"Criou o projeto de ementa que: ''DISPOE SOBRE A OUTORGA DE ""TITULO DE CIDADAO PAULISTANO"" AO SR. CARLOS WIZARD MARTINS, E DA OUTRAS PROVIDENCIAS.'' que foi encerrado, pois foi promulgado.";02/05/2012;Projeto
27;"Criou o projeto de ementa que: ''ALTERA A LEI 14.485, DE 19 DE JULHO DE 2007, PARA NELA INCLUIR O ""DIA DO TRABALHADOR DA FISCALIZACAO DO TRANSPORTE PUBLICO"", A SER COMEMORADO ANUALMENTE NO DIA 25 DE OUTUBRO, E DA OUTRAS PROVIDENCIAS.'' que foi encerrado, pois foi promulgado.";16/12/2012;Projeto
