ID_Vereador;id;Texo;Data_Aprovação;Tipo_Ação
45;1;Criou o projeto de ementa que: ''DISPOE SOBRE CONCESSAO DE HOMENAGEM EM FORMA DE HONRARIA SALVA DE PRATA EM COMEMORACAO AOS 15 ANOS DA FUNDACAO DA UNIDADE EDUCACIONAL LER E ESCREVER, E DA OUTRAS PROVIDENCIAS. *** SESSAO SOLENE DE ENTREGA REALIZADA EM 31/10/2011 AS 19H30 NO PLENARIO ***'', que foi APROVADO EM DISCUSSAO UNICA - Sessão EXTRAORDINÁRIA 226, Legislatura 15 em 30/08/2011.;30/08/2011;2
23;2;Criou o projeto de ementa que: ''DISPOE SOBRE A OUTORGA DA MEDALHA ANCHIETA E DO DIPLOMA DE GRATIDAO DA CIDADE DE SAO PAULO AO PROFESSOR BENEDITO CARLOS DE SOUZA TATE, E DA OUTRAS PROVIDENCIAS. *** SESSAO SOLENE REALIZADA EM 21/03/2012 AS 19H NO SALAO NOBRE ***'', que foi APROVADO EM DISCUSSAO UNICA - Sessão EXTRAORDINÁRIA 226, Legislatura 15 em 30/08/2011.;30/08/2011;2
23;3;Criou o projeto de ementa que: ''DISPOE SOBRE A CONCESSAO DE TITULO DE CIDADAO PAULISTANO AO PROFESSOR TOKUICHI NISHIHARA, E DA OUTRAS PROVIDENCIAS.'', que foi APROVADO EM DISCUSSAO UNICA - Sessão EXTRAORDINÁRIA 226, Legislatura 15 em 30/08/2011.;30/08/2011;2
27;4;"Criou o projeto de ementa que: ''DISPOE SOBRE A OUTORGA DE ""MEDALHA ANCHIETA E DIPLOMA DE GRATIDAO DA CIDADE DE SAO PAULO"" AO SR. JOSE LUIZ GOMES DO AMARAL, E DA OUTRAS PROVIDENCIAS. *** SESSAO SOLENE DE ENTREGA REALIZADA EM 18/10/11 AS 20H NO PLENARIO ***'', que foi APROVADO EM DISCUSSAO UNICA - Sessão EXTRAORDINÁRIA 226, Legislatura 15 em 30/08/2011.";30/08/2011;2
22;5;Criou o projeto de ementa que: ''CONCEDE A MEDALHA ANCHIETA E O DIPLOMA DE GRATIDAO DA CIDADE DE SAO PAULO AO SR. VALDIR ZUFFO. *** HONRARIA RETIRADA PELO VEREADOR PARA SER ENTREGUE FORA DA CASA ***'', que foi APROVADO EM DISCUSSAO UNICA - Sessão EXTRAORDINÁRIA 215, Legislatura 15 em 30/06/2011.;30/06/2011;2
40;6;Criou o projeto de ementa que: ''DISPOE SOBRE A OUTORGA DE TITULO DE CIDADA PAULISTANA A SENHORA LURDINHA RODRIGUES, NO AMBITO DO MUNICIPIO DE SAO PAULO, E DA OUTRAS PROVIDENCIAS. *** SESSAO SOLENE DE ENTREGA REALIZADA EM 09/09/2011 AS 19H NO PLENARIO ***'', que foi APROVADO EM DISCUSSAO UNICA - Sessão EXTRAORDINÁRIA 215, Legislatura 15 em 30/06/2011.;30/06/2011;2
35;7;Criou o projeto de ementa que: ''CONCEDE TITULO DE CIDADAO PAULISTANO AO PROFº DR. ANTRANIK MANISSADJIAN. *** HONRARIA RETIRADA PELO VEREADOR EM 04/10/11 PARA SER ENTREGUE EM EVENTO FORA DA CASA ***'', que foi APROVADO EM DISCUSSAO UNICA - Sessão EXTRAORDINÁRIA 215, Legislatura 15 em 30/06/2011.;30/06/2011;2
9;8;Criou o projeto de ementa que: ''CONCEDE O TITULO DE CIDADAO PAULISTANO AO DR. RAJA EL KHOURI. *** SESSAO SOLENE DE ENTREGA REALIZADA EM 08/11/11 AS 19H NO SALAO NOBRE ***'', que foi APROVADO EM DISCUSSAO UNICA - Sessão EXTRAORDINÁRIA 215, Legislatura 15 em 30/06/2011.;30/06/2011;2
38;9;Criou o projeto de ementa que: ''DISPOE SOBRE A OUTORGA DA MEDALHA ANCHIETA E DIPLOMA DE GRATIDAO DA CIDADE DE SAO PAULO A SRA. CLARICE HERZOG. *** SESSAO SOLENE DE ENTREGA REALIZADA EM 26/08/2011 AS 19H ***'', que foi APROVADO EM DISCUSSAO UNICA - Sessão EXTRAORDINÁRIA 215, Legislatura 15 em 30/06/2011.;30/06/2011;2
43;10;Criou o projeto de ementa que: ''DISPOE SOBRE A ENTREGA DE TITULO DE CIDADAO PAULISTANO PARA O DR. WAGNER GINOTTI PIRES.'', que foi APROVADO EM DISCUSSAO UNICA - Sessão EXTRAORDINÁRIA 215, Legislatura 15 em 30/06/2011.;30/06/2011;2
15;11;Criou o projeto de ementa que: ''DISPOE SOBRE A OUTORGA DA MEDALHA ANCHIETA E DO DIPLOMA DE GRATIDAO DA CIDADE DE SAO PAULO AO PRESIDENTE LUIZ INACIO LULA DA SILVA.'', que foi APROVADO EM DISCUSSAO UNICA - Sessão EXTRAORDINÁRIA 215, Legislatura 15 em 30/06/2011.;30/06/2011;2
115;12;Criou o projeto de ementa que: ''DISPOE SOBRE A CONCESSAO DE TITULO DE CIDADAO PAULISTANO AO SENHOR PLINIO TOMAZ. *** SESSAO SOLENE DE ENTREGA REALIZADA EM 29/09/2011 AS 19H NO SALAO NOBRE ***'', que foi APROVADO EM DISCUSSAO UNICA - Sessão EXTRAORDINÁRIA 215, Legislatura 15 em 30/06/2011.;30/06/2011;2
119;13;Criou o projeto de ementa que: ''CONCEDE TITULO DE CIDADAO PAULISTANO AO SR. LUIZ INACIO LULA DA SILVA, E DA OUTRAS PROVIDENCIAS.'', que foi APROVADO EM DISCUSSAO UNICA - Sessão EXTRAORDINÁRIA 215, Legislatura 15 em 30/06/2011.;30/06/2011;2
22;14;"Criou o projeto de ementa que: ''CONCEDE O ""TITULO DE CIDADAO PAULISTANO"" AO SR. JOSEPH SAYAH. *** SESSAO SOLENE DE ENTREGA REALIZADA EM 31/10/2011 AS 19H15 NO SALAO NOBRE ***'', que foi APROVADO EM DISCUSSAO UNICA - Sessão EXTRAORDINÁRIA 236, Legislatura 15 em 29/09/2011.";29/09/2011;2
27;15;"Criou o projeto de ementa que: ''CONCEDE O ""TITULO DE CIDADAO PAULISTANO"" AO SR. JOSEPH SAYAH. *** SESSAO SOLENE DE ENTREGA REALIZADA EM 31/10/2011 AS 19H15 NO SALAO NOBRE ***'', que foi APROVADO EM DISCUSSAO UNICA - Sessão EXTRAORDINÁRIA 236, Legislatura 15 em 29/09/2011.";29/09/2011;2
35;16;Criou o projeto de ementa que: ''CONCEDE TITULO DE CIDADAO PAULISTANO AO DR. EDOARDO POLLASTRI.'', que foi APROVADO EM DISCUSSAO UNICA - Sessão EXTRAORDINÁRIA 236, Legislatura 15 em 29/09/2011.;29/09/2011;2
112;17;Criou o projeto de ementa que: ''DISPOE SOBRE OUTORGA DE MEDALHA ANCHIETA E DIPLOMA DE GRATIDAO AO SR. KALIL ROCHA ABDALLA. *** SESSAO SOLENE DE ENTREGA REALIZADA EM 07/11/11 AS 19H30 NO SALAO NOBRE ***'', que foi APROVADO EM DISCUSSAO UNICA - Sessão EXTRAORDINÁRIA 236, Legislatura 15 em 29/09/2011.;29/09/2011;2
127;18;Criou o projeto de ementa que: ''DISPOE SOBRE PARAMETROS DE ATUACAO PREVENTIVA NO COMBATE AOS ENTORPECENTES NO AMBIENTE ESCOLAR, E DA OUTRAS PROVIDENCIAS.'', que foi APROVADO EM PRIMEIRA DISCUSSÃO - Sessão EXTRAORDINÁRIA 233, Legislatura 15 em 28/09/2011.;28/09/2011;2
128;19;"Criou o projeto de ementa que: ''ALTERA A LEI Nº 14.485, DE 19 DE JULHO DE 2007, PARA INCLUIR O ""DIA DO ESTATUTO DA CRIANCA E DO ADOLESCENTE"", A SER CELEBRADO ANUALMENTE NO DIA 25 DE SETEMBRO, E DA OUTRAS PROVIDENCIAS.'', que foi APROVADO EM PRIMEIRA DISCUSSÃO - Sessão EXTRAORDINÁRIA 233, Legislatura 15 em 28/09/2011.";28/09/2011;2
51;20;Criou o projeto de ementa que: ''ACRESCENTA DISPOSITIVO A LEI ORGANICA DO MUNICIPIO DA CIDADE DE SAO PAULO, PARA INSTITUIR NA LEI ORGANICA DO MUNICIPIO, O FICHA LIMPA MUNICIPAL, VEDANDO A DESIGNACAO OU NOMEACAO AOS CARGOS DA ADMINISTRACAO MUNICIPAL, E DA OUTRAS PROVIDENCIAS.'', que foi APROVADO EM PRIMEIRA DISCUSSÃO - Sessão EXTRAORDINÁRIA 290, Legislatura 15 em 28/02/2012.;28/02/2012;2
34;21;Criou o projeto de ementa que: ''ACRESCENTA DISPOSITIVO A LEI ORGANICA DO MUNICIPIO DA CIDADE DE SAO PAULO, PARA INSTITUIR NA LEI ORGANICA DO MUNICIPIO, O FICHA LIMPA MUNICIPAL, VEDANDO A DESIGNACAO OU NOMEACAO AOS CARGOS DA ADMINISTRACAO MUNICIPAL, E DA OUTRAS PROVIDENCIAS.'', que foi APROVADO EM PRIMEIRA DISCUSSÃO - Sessão EXTRAORDINÁRIA 290, Legislatura 15 em 28/02/2012.;28/02/2012;2
40;22;Criou o projeto de ementa que: ''ACRESCENTA DISPOSITIVO A LEI ORGANICA DO MUNICIPIO DA CIDADE DE SAO PAULO, PARA INSTITUIR NA LEI ORGANICA DO MUNICIPIO, O FICHA LIMPA MUNICIPAL, VEDANDO A DESIGNACAO OU NOMEACAO AOS CARGOS DA ADMINISTRACAO MUNICIPAL, E DA OUTRAS PROVIDENCIAS.'', que foi APROVADO EM PRIMEIRA DISCUSSÃO - Sessão EXTRAORDINÁRIA 290, Legislatura 15 em 28/02/2012.;28/02/2012;2
21;23;Criou o projeto de ementa que: ''ACRESCENTA DISPOSITIVO A LEI ORGANICA DO MUNICIPIO DA CIDADE DE SAO PAULO, PARA INSTITUIR NA LEI ORGANICA DO MUNICIPIO, O FICHA LIMPA MUNICIPAL, VEDANDO A DESIGNACAO OU NOMEACAO AOS CARGOS DA ADMINISTRACAO MUNICIPAL, E DA OUTRAS PROVIDENCIAS.'', que foi APROVADO EM PRIMEIRA DISCUSSÃO - Sessão EXTRAORDINÁRIA 290, Legislatura 15 em 28/02/2012.;28/02/2012;2
133;24;Criou o projeto de ementa que: ''ACRESCENTA DISPOSITIVO A LEI ORGANICA DO MUNICIPIO DA CIDADE DE SAO PAULO, PARA INSTITUIR NA LEI ORGANICA DO MUNICIPIO, O FICHA LIMPA MUNICIPAL, VEDANDO A DESIGNACAO OU NOMEACAO AOS CARGOS DA ADMINISTRACAO MUNICIPAL, E DA OUTRAS PROVIDENCIAS.'', que foi APROVADO EM PRIMEIRA DISCUSSÃO - Sessão EXTRAORDINÁRIA 290, Legislatura 15 em 28/02/2012.;28/02/2012;2
5;25;Criou o projeto de ementa que: ''ACRESCENTA DISPOSITIVO A LEI ORGANICA DO MUNICIPIO DA CIDADE DE SAO PAULO, PARA INSTITUIR NA LEI ORGANICA DO MUNICIPIO, O FICHA LIMPA MUNICIPAL, VEDANDO A DESIGNACAO OU NOMEACAO AOS CARGOS DA ADMINISTRACAO MUNICIPAL, E DA OUTRAS PROVIDENCIAS.'', que foi APROVADO EM PRIMEIRA DISCUSSÃO - Sessão EXTRAORDINÁRIA 290, Legislatura 15 em 28/02/2012.;28/02/2012;2
1;26;Criou o projeto de ementa que: ''ACRESCENTA DISPOSITIVO A LEI ORGANICA DO MUNICIPIO DA CIDADE DE SAO PAULO, PARA INSTITUIR NA LEI ORGANICA DO MUNICIPIO, O FICHA LIMPA MUNICIPAL, VEDANDO A DESIGNACAO OU NOMEACAO AOS CARGOS DA ADMINISTRACAO MUNICIPAL, E DA OUTRAS PROVIDENCIAS.'', que foi APROVADO EM PRIMEIRA DISCUSSÃO - Sessão EXTRAORDINÁRIA 290, Legislatura 15 em 28/02/2012.;28/02/2012;2
45;27;Criou o projeto de ementa que: ''ACRESCENTA DISPOSITIVO A LEI ORGANICA DO MUNICIPIO DA CIDADE DE SAO PAULO, PARA INSTITUIR NA LEI ORGANICA DO MUNICIPIO, O FICHA LIMPA MUNICIPAL, VEDANDO A DESIGNACAO OU NOMEACAO AOS CARGOS DA ADMINISTRACAO MUNICIPAL, E DA OUTRAS PROVIDENCIAS.'', que foi APROVADO EM PRIMEIRA DISCUSSÃO - Sessão EXTRAORDINÁRIA 290, Legislatura 15 em 28/02/2012.;28/02/2012;2
20;28;Criou o projeto de ementa que: ''ACRESCENTA DISPOSITIVO A LEI ORGANICA DO MUNICIPIO DA CIDADE DE SAO PAULO, PARA INSTITUIR NA LEI ORGANICA DO MUNICIPIO, O FICHA LIMPA MUNICIPAL, VEDANDO A DESIGNACAO OU NOMEACAO AOS CARGOS DA ADMINISTRACAO MUNICIPAL, E DA OUTRAS PROVIDENCIAS.'', que foi APROVADO EM PRIMEIRA DISCUSSÃO - Sessão EXTRAORDINÁRIA 290, Legislatura 15 em 28/02/2012.;28/02/2012;2
50;29;Criou o projeto de ementa que: ''ACRESCENTA DISPOSITIVO A LEI ORGANICA DO MUNICIPIO DA CIDADE DE SAO PAULO, PARA INSTITUIR NA LEI ORGANICA DO MUNICIPIO, O FICHA LIMPA MUNICIPAL, VEDANDO A DESIGNACAO OU NOMEACAO AOS CARGOS DA ADMINISTRACAO MUNICIPAL, E DA OUTRAS PROVIDENCIAS.'', que foi APROVADO EM PRIMEIRA DISCUSSÃO - Sessão EXTRAORDINÁRIA 290, Legislatura 15 em 28/02/2012.;28/02/2012;2
8;30;Criou o projeto de ementa que: ''ACRESCENTA DISPOSITIVO A LEI ORGANICA DO MUNICIPIO DA CIDADE DE SAO PAULO, PARA INSTITUIR NA LEI ORGANICA DO MUNICIPIO, O FICHA LIMPA MUNICIPAL, VEDANDO A DESIGNACAO OU NOMEACAO AOS CARGOS DA ADMINISTRACAO MUNICIPAL, E DA OUTRAS PROVIDENCIAS.'', que foi APROVADO EM PRIMEIRA DISCUSSÃO - Sessão EXTRAORDINÁRIA 290, Legislatura 15 em 28/02/2012.;28/02/2012;2
44;31;Criou o projeto de ementa que: ''ACRESCENTA DISPOSITIVO A LEI ORGANICA DO MUNICIPIO DA CIDADE DE SAO PAULO, PARA INSTITUIR NA LEI ORGANICA DO MUNICIPIO, O FICHA LIMPA MUNICIPAL, VEDANDO A DESIGNACAO OU NOMEACAO AOS CARGOS DA ADMINISTRACAO MUNICIPAL, E DA OUTRAS PROVIDENCIAS.'', que foi APROVADO EM PRIMEIRA DISCUSSÃO - Sessão EXTRAORDINÁRIA 290, Legislatura 15 em 28/02/2012.;28/02/2012;2
35;32;Criou o projeto de ementa que: ''ACRESCENTA DISPOSITIVO A LEI ORGANICA DO MUNICIPIO DA CIDADE DE SAO PAULO, PARA INSTITUIR NA LEI ORGANICA DO MUNICIPIO, O FICHA LIMPA MUNICIPAL, VEDANDO A DESIGNACAO OU NOMEACAO AOS CARGOS DA ADMINISTRACAO MUNICIPAL, E DA OUTRAS PROVIDENCIAS.'', que foi APROVADO EM PRIMEIRA DISCUSSÃO - Sessão EXTRAORDINÁRIA 290, Legislatura 15 em 28/02/2012.;28/02/2012;2
29;33;Criou o projeto de ementa que: ''ACRESCENTA DISPOSITIVO A LEI ORGANICA DO MUNICIPIO DA CIDADE DE SAO PAULO, PARA INSTITUIR NA LEI ORGANICA DO MUNICIPIO, O FICHA LIMPA MUNICIPAL, VEDANDO A DESIGNACAO OU NOMEACAO AOS CARGOS DA ADMINISTRACAO MUNICIPAL, E DA OUTRAS PROVIDENCIAS.'', que foi APROVADO EM PRIMEIRA DISCUSSÃO - Sessão EXTRAORDINÁRIA 290, Legislatura 15 em 28/02/2012.;28/02/2012;2
41;34;Criou o projeto de ementa que: ''ACRESCENTA DISPOSITIVO A LEI ORGANICA DO MUNICIPIO DA CIDADE DE SAO PAULO, PARA INSTITUIR NA LEI ORGANICA DO MUNICIPIO, O FICHA LIMPA MUNICIPAL, VEDANDO A DESIGNACAO OU NOMEACAO AOS CARGOS DA ADMINISTRACAO MUNICIPAL, E DA OUTRAS PROVIDENCIAS.'', que foi APROVADO EM PRIMEIRA DISCUSSÃO - Sessão EXTRAORDINÁRIA 290, Legislatura 15 em 28/02/2012.;28/02/2012;2
121;35;Criou o projeto de ementa que: ''ACRESCENTA DISPOSITIVO A LEI ORGANICA DO MUNICIPIO DA CIDADE DE SAO PAULO, PARA INSTITUIR NA LEI ORGANICA DO MUNICIPIO, O FICHA LIMPA MUNICIPAL, VEDANDO A DESIGNACAO OU NOMEACAO AOS CARGOS DA ADMINISTRACAO MUNICIPAL, E DA OUTRAS PROVIDENCIAS.'', que foi APROVADO EM PRIMEIRA DISCUSSÃO - Sessão EXTRAORDINÁRIA 290, Legislatura 15 em 28/02/2012.;28/02/2012;2
53;36;Criou o projeto de ementa que: ''ACRESCENTA DISPOSITIVO A LEI ORGANICA DO MUNICIPIO DA CIDADE DE SAO PAULO, PARA INSTITUIR NA LEI ORGANICA DO MUNICIPIO, O FICHA LIMPA MUNICIPAL, VEDANDO A DESIGNACAO OU NOMEACAO AOS CARGOS DA ADMINISTRACAO MUNICIPAL, E DA OUTRAS PROVIDENCIAS.'', que foi APROVADO EM PRIMEIRA DISCUSSÃO - Sessão EXTRAORDINÁRIA 290, Legislatura 15 em 28/02/2012.;28/02/2012;2
12;37;Criou o projeto de ementa que: ''ACRESCENTA DISPOSITIVO A LEI ORGANICA DO MUNICIPIO DA CIDADE DE SAO PAULO, PARA INSTITUIR NA LEI ORGANICA DO MUNICIPIO, O FICHA LIMPA MUNICIPAL, VEDANDO A DESIGNACAO OU NOMEACAO AOS CARGOS DA ADMINISTRACAO MUNICIPAL, E DA OUTRAS PROVIDENCIAS.'', que foi APROVADO EM PRIMEIRA DISCUSSÃO - Sessão EXTRAORDINÁRIA 290, Legislatura 15 em 28/02/2012.;28/02/2012;2
132;38;Criou o projeto de ementa que: ''ACRESCENTA DISPOSITIVO A LEI ORGANICA DO MUNICIPIO DA CIDADE DE SAO PAULO, PARA INSTITUIR NA LEI ORGANICA DO MUNICIPIO, O FICHA LIMPA MUNICIPAL, VEDANDO A DESIGNACAO OU NOMEACAO AOS CARGOS DA ADMINISTRACAO MUNICIPAL, E DA OUTRAS PROVIDENCIAS.'', que foi APROVADO EM PRIMEIRA DISCUSSÃO - Sessão EXTRAORDINÁRIA 290, Legislatura 15 em 28/02/2012.;28/02/2012;2
22;39;Criou o projeto de ementa que: ''ACRESCENTA DISPOSITIVO A LEI ORGANICA DO MUNICIPIO DA CIDADE DE SAO PAULO, PARA INSTITUIR NA LEI ORGANICA DO MUNICIPIO, O FICHA LIMPA MUNICIPAL, VEDANDO A DESIGNACAO OU NOMEACAO AOS CARGOS DA ADMINISTRACAO MUNICIPAL, E DA OUTRAS PROVIDENCIAS.'', que foi APROVADO EM PRIMEIRA DISCUSSÃO - Sessão EXTRAORDINÁRIA 290, Legislatura 15 em 28/02/2012.;28/02/2012;2
16;40;Criou o projeto de ementa que: ''ACRESCENTA DISPOSITIVO A LEI ORGANICA DO MUNICIPIO DA CIDADE DE SAO PAULO, PARA INSTITUIR NA LEI ORGANICA DO MUNICIPIO, O FICHA LIMPA MUNICIPAL, VEDANDO A DESIGNACAO OU NOMEACAO AOS CARGOS DA ADMINISTRACAO MUNICIPAL, E DA OUTRAS PROVIDENCIAS.'', que foi APROVADO EM PRIMEIRA DISCUSSÃO - Sessão EXTRAORDINÁRIA 290, Legislatura 15 em 28/02/2012.;28/02/2012;2
131;41;Criou o projeto de ementa que: ''ACRESCENTA DISPOSITIVO A LEI ORGANICA DO MUNICIPIO DA CIDADE DE SAO PAULO, PARA INSTITUIR NA LEI ORGANICA DO MUNICIPIO, O FICHA LIMPA MUNICIPAL, VEDANDO A DESIGNACAO OU NOMEACAO AOS CARGOS DA ADMINISTRACAO MUNICIPAL, E DA OUTRAS PROVIDENCIAS.'', que foi APROVADO EM PRIMEIRA DISCUSSÃO - Sessão EXTRAORDINÁRIA 290, Legislatura 15 em 28/02/2012.;28/02/2012;2
38;42;Criou o projeto de ementa que: ''ACRESCENTA DISPOSITIVO A LEI ORGANICA DO MUNICIPIO DA CIDADE DE SAO PAULO, PARA INSTITUIR NA LEI ORGANICA DO MUNICIPIO, O FICHA LIMPA MUNICIPAL, VEDANDO A DESIGNACAO OU NOMEACAO AOS CARGOS DA ADMINISTRACAO MUNICIPAL, E DA OUTRAS PROVIDENCIAS.'', que foi APROVADO EM PRIMEIRA DISCUSSÃO - Sessão EXTRAORDINÁRIA 290, Legislatura 15 em 28/02/2012.;28/02/2012;2
118;43;Criou o projeto de ementa que: ''ACRESCENTA DISPOSITIVO A LEI ORGANICA DO MUNICIPIO DA CIDADE DE SAO PAULO, PARA INSTITUIR NA LEI ORGANICA DO MUNICIPIO, O FICHA LIMPA MUNICIPAL, VEDANDO A DESIGNACAO OU NOMEACAO AOS CARGOS DA ADMINISTRACAO MUNICIPAL, E DA OUTRAS PROVIDENCIAS.'', que foi APROVADO EM PRIMEIRA DISCUSSÃO - Sessão EXTRAORDINÁRIA 290, Legislatura 15 em 28/02/2012.;28/02/2012;2
3;44;Criou o projeto de ementa que: ''ACRESCENTA DISPOSITIVO A LEI ORGANICA DO MUNICIPIO DA CIDADE DE SAO PAULO, PARA INSTITUIR NA LEI ORGANICA DO MUNICIPIO, O FICHA LIMPA MUNICIPAL, VEDANDO A DESIGNACAO OU NOMEACAO AOS CARGOS DA ADMINISTRACAO MUNICIPAL, E DA OUTRAS PROVIDENCIAS.'', que foi APROVADO EM PRIMEIRA DISCUSSÃO - Sessão EXTRAORDINÁRIA 290, Legislatura 15 em 28/02/2012.;28/02/2012;2
13;45;Criou o projeto de ementa que: ''ACRESCENTA DISPOSITIVO A LEI ORGANICA DO MUNICIPIO DA CIDADE DE SAO PAULO, PARA INSTITUIR NA LEI ORGANICA DO MUNICIPIO, O FICHA LIMPA MUNICIPAL, VEDANDO A DESIGNACAO OU NOMEACAO AOS CARGOS DA ADMINISTRACAO MUNICIPAL, E DA OUTRAS PROVIDENCIAS.'', que foi APROVADO EM PRIMEIRA DISCUSSÃO - Sessão EXTRAORDINÁRIA 290, Legislatura 15 em 28/02/2012.;28/02/2012;2
6;46;Criou o projeto de ementa que: ''ACRESCENTA DISPOSITIVO A LEI ORGANICA DO MUNICIPIO DA CIDADE DE SAO PAULO, PARA INSTITUIR NA LEI ORGANICA DO MUNICIPIO, O FICHA LIMPA MUNICIPAL, VEDANDO A DESIGNACAO OU NOMEACAO AOS CARGOS DA ADMINISTRACAO MUNICIPAL, E DA OUTRAS PROVIDENCIAS.'', que foi APROVADO EM PRIMEIRA DISCUSSÃO - Sessão EXTRAORDINÁRIA 290, Legislatura 15 em 28/02/2012.;28/02/2012;2
117;47;Criou o projeto de ementa que: ''ACRESCENTA DISPOSITIVO A LEI ORGANICA DO MUNICIPIO DA CIDADE DE SAO PAULO, PARA INSTITUIR NA LEI ORGANICA DO MUNICIPIO, O FICHA LIMPA MUNICIPAL, VEDANDO A DESIGNACAO OU NOMEACAO AOS CARGOS DA ADMINISTRACAO MUNICIPAL, E DA OUTRAS PROVIDENCIAS.'', que foi APROVADO EM PRIMEIRA DISCUSSÃO - Sessão EXTRAORDINÁRIA 290, Legislatura 15 em 28/02/2012.;28/02/2012;2
114;48;Criou o projeto de ementa que: ''ACRESCENTA DISPOSITIVO A LEI ORGANICA DO MUNICIPIO DA CIDADE DE SAO PAULO, PARA INSTITUIR NA LEI ORGANICA DO MUNICIPIO, O FICHA LIMPA MUNICIPAL, VEDANDO A DESIGNACAO OU NOMEACAO AOS CARGOS DA ADMINISTRACAO MUNICIPAL, E DA OUTRAS PROVIDENCIAS.'', que foi APROVADO EM PRIMEIRA DISCUSSÃO - Sessão EXTRAORDINÁRIA 290, Legislatura 15 em 28/02/2012.;28/02/2012;2
15;49;Criou o projeto de ementa que: ''ACRESCENTA DISPOSITIVO A LEI ORGANICA DO MUNICIPIO DA CIDADE DE SAO PAULO, PARA INSTITUIR NA LEI ORGANICA DO MUNICIPIO, O FICHA LIMPA MUNICIPAL, VEDANDO A DESIGNACAO OU NOMEACAO AOS CARGOS DA ADMINISTRACAO MUNICIPAL, E DA OUTRAS PROVIDENCIAS.'', que foi APROVADO EM PRIMEIRA DISCUSSÃO - Sessão EXTRAORDINÁRIA 290, Legislatura 15 em 28/02/2012.;28/02/2012;2
4;50;Criou o projeto de ementa que: ''ACRESCENTA DISPOSITIVO A LEI ORGANICA DO MUNICIPIO DA CIDADE DE SAO PAULO, PARA INSTITUIR NA LEI ORGANICA DO MUNICIPIO, O FICHA LIMPA MUNICIPAL, VEDANDO A DESIGNACAO OU NOMEACAO AOS CARGOS DA ADMINISTRACAO MUNICIPAL, E DA OUTRAS PROVIDENCIAS.'', que foi APROVADO EM PRIMEIRA DISCUSSÃO - Sessão EXTRAORDINÁRIA 290, Legislatura 15 em 28/02/2012.;28/02/2012;2
11;51;Criou o projeto de ementa que: ''ACRESCENTA DISPOSITIVO A LEI ORGANICA DO MUNICIPIO DA CIDADE DE SAO PAULO, PARA INSTITUIR NA LEI ORGANICA DO MUNICIPIO, O FICHA LIMPA MUNICIPAL, VEDANDO A DESIGNACAO OU NOMEACAO AOS CARGOS DA ADMINISTRACAO MUNICIPAL, E DA OUTRAS PROVIDENCIAS.'', que foi APROVADO EM PRIMEIRA DISCUSSÃO - Sessão EXTRAORDINÁRIA 290, Legislatura 15 em 28/02/2012.;28/02/2012;2
26;52;Criou o projeto de ementa que: ''ACRESCENTA DISPOSITIVO A LEI ORGANICA DO MUNICIPIO DA CIDADE DE SAO PAULO, PARA INSTITUIR NA LEI ORGANICA DO MUNICIPIO, O FICHA LIMPA MUNICIPAL, VEDANDO A DESIGNACAO OU NOMEACAO AOS CARGOS DA ADMINISTRACAO MUNICIPAL, E DA OUTRAS PROVIDENCIAS.'', que foi APROVADO EM PRIMEIRA DISCUSSÃO - Sessão EXTRAORDINÁRIA 290, Legislatura 15 em 28/02/2012.;28/02/2012;2
113;53;Criou o projeto de ementa que: ''ACRESCENTA DISPOSITIVO A LEI ORGANICA DO MUNICIPIO DA CIDADE DE SAO PAULO, PARA INSTITUIR NA LEI ORGANICA DO MUNICIPIO, O FICHA LIMPA MUNICIPAL, VEDANDO A DESIGNACAO OU NOMEACAO AOS CARGOS DA ADMINISTRACAO MUNICIPAL, E DA OUTRAS PROVIDENCIAS.'', que foi APROVADO EM PRIMEIRA DISCUSSÃO - Sessão EXTRAORDINÁRIA 290, Legislatura 15 em 28/02/2012.;28/02/2012;2
25;54;Criou o projeto de ementa que: ''ACRESCENTA DISPOSITIVO A LEI ORGANICA DO MUNICIPIO DA CIDADE DE SAO PAULO, PARA INSTITUIR NA LEI ORGANICA DO MUNICIPIO, O FICHA LIMPA MUNICIPAL, VEDANDO A DESIGNACAO OU NOMEACAO AOS CARGOS DA ADMINISTRACAO MUNICIPAL, E DA OUTRAS PROVIDENCIAS.'', que foi APROVADO EM PRIMEIRA DISCUSSÃO - Sessão EXTRAORDINÁRIA 290, Legislatura 15 em 28/02/2012.;28/02/2012;2
112;55;Criou o projeto de ementa que: ''ACRESCENTA DISPOSITIVO A LEI ORGANICA DO MUNICIPIO DA CIDADE DE SAO PAULO, PARA INSTITUIR NA LEI ORGANICA DO MUNICIPIO, O FICHA LIMPA MUNICIPAL, VEDANDO A DESIGNACAO OU NOMEACAO AOS CARGOS DA ADMINISTRACAO MUNICIPAL, E DA OUTRAS PROVIDENCIAS.'', que foi APROVADO EM PRIMEIRA DISCUSSÃO - Sessão EXTRAORDINÁRIA 290, Legislatura 15 em 28/02/2012.;28/02/2012;2
10;56;Criou o projeto de ementa que: ''ACRESCENTA DISPOSITIVO A LEI ORGANICA DO MUNICIPIO DA CIDADE DE SAO PAULO, PARA INSTITUIR NA LEI ORGANICA DO MUNICIPIO, O FICHA LIMPA MUNICIPAL, VEDANDO A DESIGNACAO OU NOMEACAO AOS CARGOS DA ADMINISTRACAO MUNICIPAL, E DA OUTRAS PROVIDENCIAS.'', que foi APROVADO EM PRIMEIRA DISCUSSÃO - Sessão EXTRAORDINÁRIA 290, Legislatura 15 em 28/02/2012.;28/02/2012;2
122;57;Criou o projeto de ementa que: ''ACRESCENTA DISPOSITIVO A LEI ORGANICA DO MUNICIPIO DA CIDADE DE SAO PAULO, PARA INSTITUIR NA LEI ORGANICA DO MUNICIPIO, O FICHA LIMPA MUNICIPAL, VEDANDO A DESIGNACAO OU NOMEACAO AOS CARGOS DA ADMINISTRACAO MUNICIPAL, E DA OUTRAS PROVIDENCIAS.'', que foi APROVADO EM PRIMEIRA DISCUSSÃO - Sessão EXTRAORDINÁRIA 290, Legislatura 15 em 28/02/2012.;28/02/2012;2
9;58;Criou o projeto de ementa que: ''ACRESCENTA DISPOSITIVO A LEI ORGANICA DO MUNICIPIO DA CIDADE DE SAO PAULO, PARA INSTITUIR NA LEI ORGANICA DO MUNICIPIO, O FICHA LIMPA MUNICIPAL, VEDANDO A DESIGNACAO OU NOMEACAO AOS CARGOS DA ADMINISTRACAO MUNICIPAL, E DA OUTRAS PROVIDENCIAS.'', que foi APROVADO EM PRIMEIRA DISCUSSÃO - Sessão EXTRAORDINÁRIA 290, Legislatura 15 em 28/02/2012.;28/02/2012;2
27;59;Criou o projeto de ementa que: ''ACRESCENTA DISPOSITIVO A LEI ORGANICA DO MUNICIPIO DA CIDADE DE SAO PAULO, PARA INSTITUIR NA LEI ORGANICA DO MUNICIPIO, O FICHA LIMPA MUNICIPAL, VEDANDO A DESIGNACAO OU NOMEACAO AOS CARGOS DA ADMINISTRACAO MUNICIPAL, E DA OUTRAS PROVIDENCIAS.'', que foi APROVADO EM PRIMEIRA DISCUSSÃO - Sessão EXTRAORDINÁRIA 290, Legislatura 15 em 28/02/2012.;28/02/2012;2
116;60;Criou o projeto de ementa que: ''ACRESCENTA DISPOSITIVO A LEI ORGANICA DO MUNICIPIO DA CIDADE DE SAO PAULO, PARA INSTITUIR NA LEI ORGANICA DO MUNICIPIO, O FICHA LIMPA MUNICIPAL, VEDANDO A DESIGNACAO OU NOMEACAO AOS CARGOS DA ADMINISTRACAO MUNICIPAL, E DA OUTRAS PROVIDENCIAS.'', que foi APROVADO EM PRIMEIRA DISCUSSÃO - Sessão EXTRAORDINÁRIA 290, Legislatura 15 em 28/02/2012.;28/02/2012;2
37;61;Criou o projeto de ementa que: ''ACRESCENTA DISPOSITIVO A LEI ORGANICA DO MUNICIPIO DA CIDADE DE SAO PAULO, PARA INSTITUIR NA LEI ORGANICA DO MUNICIPIO, O FICHA LIMPA MUNICIPAL, VEDANDO A DESIGNACAO OU NOMEACAO AOS CARGOS DA ADMINISTRACAO MUNICIPAL, E DA OUTRAS PROVIDENCIAS.'', que foi APROVADO EM PRIMEIRA DISCUSSÃO - Sessão EXTRAORDINÁRIA 290, Legislatura 15 em 28/02/2012.;28/02/2012;2
32;62;Criou o projeto de ementa que: ''ACRESCENTA DISPOSITIVO A LEI ORGANICA DO MUNICIPIO DA CIDADE DE SAO PAULO, PARA INSTITUIR NA LEI ORGANICA DO MUNICIPIO, O FICHA LIMPA MUNICIPAL, VEDANDO A DESIGNACAO OU NOMEACAO AOS CARGOS DA ADMINISTRACAO MUNICIPAL, E DA OUTRAS PROVIDENCIAS.'', que foi APROVADO EM PRIMEIRA DISCUSSÃO - Sessão EXTRAORDINÁRIA 290, Legislatura 15 em 28/02/2012.;28/02/2012;2
128;63;Criou o projeto de ementa que: ''ACRESCENTA DISPOSITIVO A LEI ORGANICA DO MUNICIPIO DA CIDADE DE SAO PAULO, PARA INSTITUIR NA LEI ORGANICA DO MUNICIPIO, O FICHA LIMPA MUNICIPAL, VEDANDO A DESIGNACAO OU NOMEACAO AOS CARGOS DA ADMINISTRACAO MUNICIPAL, E DA OUTRAS PROVIDENCIAS.'', que foi APROVADO EM PRIMEIRA DISCUSSÃO - Sessão EXTRAORDINÁRIA 290, Legislatura 15 em 28/02/2012.;28/02/2012;2
39;64;Criou o projeto de ementa que: ''ACRESCENTA DISPOSITIVO A LEI ORGANICA DO MUNICIPIO DA CIDADE DE SAO PAULO, PARA INSTITUIR NA LEI ORGANICA DO MUNICIPIO, O FICHA LIMPA MUNICIPAL, VEDANDO A DESIGNACAO OU NOMEACAO AOS CARGOS DA ADMINISTRACAO MUNICIPAL, E DA OUTRAS PROVIDENCIAS.'', que foi APROVADO EM PRIMEIRA DISCUSSÃO - Sessão EXTRAORDINÁRIA 290, Legislatura 15 em 28/02/2012.;28/02/2012;2
49;65;Criou o projeto de ementa que: ''ACRESCENTA DISPOSITIVO A LEI ORGANICA DO MUNICIPIO DA CIDADE DE SAO PAULO, PARA INSTITUIR NA LEI ORGANICA DO MUNICIPIO, O FICHA LIMPA MUNICIPAL, VEDANDO A DESIGNACAO OU NOMEACAO AOS CARGOS DA ADMINISTRACAO MUNICIPAL, E DA OUTRAS PROVIDENCIAS.'', que foi APROVADO EM PRIMEIRA DISCUSSÃO - Sessão EXTRAORDINÁRIA 290, Legislatura 15 em 28/02/2012.;28/02/2012;2
115;66;Criou o projeto de ementa que: ''ACRESCENTA DISPOSITIVO A LEI ORGANICA DO MUNICIPIO DA CIDADE DE SAO PAULO, PARA INSTITUIR NA LEI ORGANICA DO MUNICIPIO, O FICHA LIMPA MUNICIPAL, VEDANDO A DESIGNACAO OU NOMEACAO AOS CARGOS DA ADMINISTRACAO MUNICIPAL, E DA OUTRAS PROVIDENCIAS.'', que foi APROVADO EM PRIMEIRA DISCUSSÃO - Sessão EXTRAORDINÁRIA 290, Legislatura 15 em 28/02/2012.;28/02/2012;2
43;67;Criou o projeto de ementa que: ''ACRESCENTA DISPOSITIVO A LEI ORGANICA DO MUNICIPIO DA CIDADE DE SAO PAULO, PARA INSTITUIR NA LEI ORGANICA DO MUNICIPIO, O FICHA LIMPA MUNICIPAL, VEDANDO A DESIGNACAO OU NOMEACAO AOS CARGOS DA ADMINISTRACAO MUNICIPAL, E DA OUTRAS PROVIDENCIAS.'', que foi APROVADO EM PRIMEIRA DISCUSSÃO - Sessão EXTRAORDINÁRIA 290, Legislatura 15 em 28/02/2012.;28/02/2012;2
127;68;Criou o projeto de ementa que: ''ACRESCENTA DISPOSITIVO A LEI ORGANICA DO MUNICIPIO DA CIDADE DE SAO PAULO, PARA INSTITUIR NA LEI ORGANICA DO MUNICIPIO, O FICHA LIMPA MUNICIPAL, VEDANDO A DESIGNACAO OU NOMEACAO AOS CARGOS DA ADMINISTRACAO MUNICIPAL, E DA OUTRAS PROVIDENCIAS.'', que foi APROVADO EM PRIMEIRA DISCUSSÃO - Sessão EXTRAORDINÁRIA 290, Legislatura 15 em 28/02/2012.;28/02/2012;2
42;69;Criou o projeto de ementa que: ''ACRESCENTA DISPOSITIVO A LEI ORGANICA DO MUNICIPIO DA CIDADE DE SAO PAULO, PARA INSTITUIR NA LEI ORGANICA DO MUNICIPIO, O FICHA LIMPA MUNICIPAL, VEDANDO A DESIGNACAO OU NOMEACAO AOS CARGOS DA ADMINISTRACAO MUNICIPAL, E DA OUTRAS PROVIDENCIAS.'', que foi APROVADO EM PRIMEIRA DISCUSSÃO - Sessão EXTRAORDINÁRIA 290, Legislatura 15 em 28/02/2012.;28/02/2012;2
19;70;Criou o projeto de ementa que: ''ACRESCENTA DISPOSITIVO A LEI ORGANICA DO MUNICIPIO DA CIDADE DE SAO PAULO, PARA INSTITUIR NA LEI ORGANICA DO MUNICIPIO, O FICHA LIMPA MUNICIPAL, VEDANDO A DESIGNACAO OU NOMEACAO AOS CARGOS DA ADMINISTRACAO MUNICIPAL, E DA OUTRAS PROVIDENCIAS.'', que foi APROVADO EM PRIMEIRA DISCUSSÃO - Sessão EXTRAORDINÁRIA 290, Legislatura 15 em 28/02/2012.;28/02/2012;2
23;71;Criou o projeto de ementa que: ''ACRESCENTA DISPOSITIVO A LEI ORGANICA DO MUNICIPIO DA CIDADE DE SAO PAULO, PARA INSTITUIR NA LEI ORGANICA DO MUNICIPIO, O FICHA LIMPA MUNICIPAL, VEDANDO A DESIGNACAO OU NOMEACAO AOS CARGOS DA ADMINISTRACAO MUNICIPAL, E DA OUTRAS PROVIDENCIAS.'', que foi APROVADO EM PRIMEIRA DISCUSSÃO - Sessão EXTRAORDINÁRIA 290, Legislatura 15 em 28/02/2012.;28/02/2012;2
48;72;Criou o projeto de ementa que: ''ACRESCENTA DISPOSITIVO A LEI ORGANICA DO MUNICIPIO DA CIDADE DE SAO PAULO, PARA INSTITUIR NA LEI ORGANICA DO MUNICIPIO, O FICHA LIMPA MUNICIPAL, VEDANDO A DESIGNACAO OU NOMEACAO AOS CARGOS DA ADMINISTRACAO MUNICIPAL, E DA OUTRAS PROVIDENCIAS.'', que foi APROVADO EM PRIMEIRA DISCUSSÃO - Sessão EXTRAORDINÁRIA 290, Legislatura 15 em 28/02/2012.;28/02/2012;2
119;73;Criou o projeto de ementa que: ''ACRESCENTA DISPOSITIVO A LEI ORGANICA DO MUNICIPIO DA CIDADE DE SAO PAULO, PARA INSTITUIR NA LEI ORGANICA DO MUNICIPIO, O FICHA LIMPA MUNICIPAL, VEDANDO A DESIGNACAO OU NOMEACAO AOS CARGOS DA ADMINISTRACAO MUNICIPAL, E DA OUTRAS PROVIDENCIAS.'', que foi APROVADO EM PRIMEIRA DISCUSSÃO - Sessão EXTRAORDINÁRIA 290, Legislatura 15 em 28/02/2012.;28/02/2012;2
46;74;Criou o projeto de ementa que: ''ACRESCENTA DISPOSITIVO A LEI ORGANICA DO MUNICIPIO DA CIDADE DE SAO PAULO, PARA INSTITUIR NA LEI ORGANICA DO MUNICIPIO, O FICHA LIMPA MUNICIPAL, VEDANDO A DESIGNACAO OU NOMEACAO AOS CARGOS DA ADMINISTRACAO MUNICIPAL, E DA OUTRAS PROVIDENCIAS.'', que foi APROVADO EM PRIMEIRA DISCUSSÃO - Sessão EXTRAORDINÁRIA 290, Legislatura 15 em 28/02/2012.;28/02/2012;2
51;75;Criou o projeto de ementa que: ''DISPOE SOBRE A OUTORGA DE SALVA DE PRATA EM HOMENAGEM A GUARDA CIVIL METROPOLITANA DA CIDADE DE SAO PAULO. *** SESSAO SOLENE DE ENTREGA REALIZADA EM 14/09/2011 AS 19H NO SALAO NOBRE ***'', que foi APROVADO EM DISCUSSAO UNICA - Sessão EXTRAORDINÁRIA 204, Legislatura 15 em 27/06/2011.;27/06/2011;2
122;76;Criou o projeto de ementa que: ''DISPOE SOBRE A OBRIGATORIEDADE DE MANUTENCAO DE UM PROFISSIONAL AUXILIAR DE ENFERMAGEM, NAS UNIDADES DA REDE PUBLICA MUNICIPAL DE CRECHES E ESCOLAS DE EDUCACAO INFANTIL, E DA OUTRAS PROVIDENCIAS.'', que foi APROVADO EM PRIMEIRA DISCUSSÃO - Sessão EXTRAORDINÁRIA 204, Legislatura 15 em 27/06/2011.;27/06/2011;2
114;77;Criou o projeto de ementa que: ''DISPOE SOBRE A OUTORGA DO TITULO DE SALVA DE PRATA EM HOMENAGEM AOS 300 ANOS DA IRMANDADE NOSSA SENHORA DO ROSARIO DOS HOMENS PRETOS DE SAO PAULO. *** SESSAO SOLENE DE ENTREGA REALIZADA EM 09/12/11 AS 14H NO SALAO NOBRE ***'', que foi APROVADO EM DISCUSSAO UNICA - Sessão EXTRAORDINÁRIA 242, Legislatura 15 em 25/10/2011.;25/10/2011;2
50;78;Criou o projeto de ementa que: ''DISPOE SOBRE A OUTORGA DO TITULO DE CIDADAO PAULISTANO AO DR. ANSELMO NAKATANI. *** SESSAO SOLENE REALIZADA EM 08/03/2012 AS 19H22 NO SALAO NOBRE ***'', que foi APROVADO EM DISCUSSAO UNICA - Sessão EXTRAORDINÁRIA 242, Legislatura 15 em 25/10/2011.;25/10/2011;2
50;79;Criou o projeto de ementa que: ''DISPOE SOBRE A OUTORGA DO TITULO DE CIDADAO PAULISTANO AO PROFESSOR TADACHI TAMAKI. *** SESSAO SOLENE REALIZADA EM 22/03/2012 AS 19H NO SALAO NOBRE ***'', que foi APROVADO EM DISCUSSAO UNICA - Sessão EXTRAORDINÁRIA 242, Legislatura 15 em 25/10/2011.;25/10/2011;2
25;80;Criou o projeto de ementa que: ''DISPOE SOBRE A OUTORGA DE SALVA DE PRATA AO SENHOR ADILSON JOSE DE SOUZA.'', que foi APROVADO EM DISCUSSAO UNICA - Sessão EXTRAORDINÁRIA 242, Legislatura 15 em 25/10/2011.;25/10/2011;2
39;81;Criou o projeto de ementa que: ''CONCEDE TITULO DE CIDADAO PAULISTANO AO SR. DIVALDO ROSA, E DA OUTRAS PROVIDENCIAS.'', que foi APROVADO EM DISCUSSAO UNICA - Sessão EXTRAORDINÁRIA 242, Legislatura 15 em 25/10/2011.;25/10/2011;2
40;82;Criou o projeto de ementa que: ''DISPOE SOBRE A OUTORGA DE TITULO DE CIDADA PAULISTANA A SENHORA KANEKO IKEDA, NO AMBITO DO MUNICIPIO DE SAO PAULO, E DA OUTRAS PROVIDENCIAS. *** SESSAO SOLENE DE ENTREGA DE TITULO DE CIDADAO PAULISTANO REALIZADA EM 03/05/2012 AS 19H30, LOCALIZADO A RUA TAMANDARE 984 - ACLIMACAO - SAO PAULO ***'', que foi APROVADO EM DISCUSSAO UNICA - Sessão EXTRAORDINÁRIA 242, Legislatura 15 em 25/10/2011.;25/10/2011;2
11;83;"Criou o projeto de ementa que: ''DISPOE SOBRE A OUTORGA DA ""MEDALHA ANCHIETA"" AO PROFESSOR CARLOS ALBERTO CERQUEIRA LEMOS, E DA OUTRAS PROVIDENCIAS.'', que foi APROVADO EM DISCUSSAO UNICA - Sessão EXTRAORDINÁRIA 242, Legislatura 15 em 25/10/2011.";25/10/2011;2
22;84;"Criou o projeto de ementa que: ''DISPOE SOBRE A CONCESSAO DE TITULO DE CIDADAO PAULISTANO AO ""SENHOR AKEO UEHARA YOGUI"", E DA OUTRAS PROVIDENCIAS.'', que foi APROVADO EM DISCUSSAO UNICA - Sessão EXTRAORDINÁRIA 307, Legislatura 15 em 25/04/2012.";25/04/2012;2
131;85;Criou o projeto de ementa que: ''DISPOE SOBRE A CONCESSAO DA SALVA DE PRATA A IGREJA MUNDIAL DO PODER DE DEUS, E DA OUTRAS PROVIDENCIAS.'', que foi APROVADO EM DISCUSSAO UNICA - Sessão EXTRAORDINÁRIA 307, Legislatura 15 em 25/04/2012.;25/04/2012;2
128;86;Criou o projeto de ementa que: ''DISPOE SOBRE A OUTORGA DE MEDALHA ANCHIETA E DIPLOMA DE GRATIDAO AO DESEMBARGADOR RICARDO CARDOZO DE MELLO TUCUNDUVA, E DA OUTRAS PROVIDENCIAS.'', que foi APROVADO EM DISCUSSAO UNICA - Sessão EXTRAORDINÁRIA 307, Legislatura 15 em 25/04/2012.;25/04/2012;2
29;87;Criou o projeto de ementa que: ''DISPOE SOBRE A CONCESSAO DO TITULO DE CIDADAO PAULISTANO E OUTORGA DA MEDALHA ANCHIETA E DIPLOMA DE GRATIDAO DA CIDADE DE SAO PAULO AO SR. JOSE GRAZIANO DA SILVA.'', que foi APROVADO EM DISCUSSAO UNICA - Sessão EXTRAORDINÁRIA 307, Legislatura 15 em 25/04/2012.;25/04/2012;2
51;88;Criou o projeto de ementa que: ''DISPOE SOBRE A OUTORGA DE SALVA DE PRATA EM HOMENAGEM A ACSPMESP - ASSOCIACAO DOS CABOS E SOLDADOS DA POLICIA MILITAR DO ESTADO DE SAO PAULO.'', que foi APROVADO EM DISCUSSAO UNICA - Sessão EXTRAORDINÁRIA 307, Legislatura 15 em 25/04/2012.;25/04/2012;2
114;89;Criou o projeto de ementa que: ''DISPOE SOBRE A OUTORGA DO TITULO DE CIDADAO PAULISTANO AO ARCEBISPO DOM DAMASKINOS MANSOUR.'', que foi APROVADO EM DISCUSSAO UNICA - Sessão EXTRAORDINÁRIA 307, Legislatura 15 em 25/04/2012.;25/04/2012;2
45;90;"Criou o projeto de ementa que: ''DISPOE SOBRE CONCESSAO DE HOMENAGEM EM FORMA DE HONRARIA SALVA DE PRATA EM COMEMORACAO AOS 20 ANOS DO CURSO ESTUDOS ABERTOS PARA A TERCEIRA IDADE DAS FACULDADES INTEGRADAS ""CAMPOS SALLES"", E DA OUTRAS PROVIDENCIAS.'', que foi APROVADO EM DISCUSSAO UNICA - Sessão EXTRAORDINÁRIA 307, Legislatura 15 em 25/04/2012.";25/04/2012;2
26;91;"Criou o projeto de ementa que: ''DISPOE SOBRE A CONCESSAO DE ""TITULO DE CIDADA PAULISTANA"" A SRA. LIGEIA BENICIA DE ALMEIDA STIVANIN, E DA OUTRAS PROVIDENCIAS.'', que foi APROVADO EM DISCUSSAO UNICA - Sessão EXTRAORDINÁRIA 307, Legislatura 15 em 25/04/2012.";25/04/2012;2
41;92;Criou o projeto de ementa que: ''DISPOE SOBRE A CONCESSAO DE TITULO DE CIDADAO PAULISTANO AO SENHOR ANTONIO MARTINS FERREIRA NETO, E DA OUTRAS PROVIDENCIAS.'', que foi APROVADO EM DISCUSSAO UNICA - Sessão EXTRAORDINÁRIA 307, Legislatura 15 em 25/04/2012.;25/04/2012;2
34;93;Criou o projeto de ementa que: ''CONCEDE SALVA DE PRATA AO CONSERVATORIO MUSICAL ERNESTO NAZARETH.'', que foi APROVADO EM DISCUSSAO UNICA - Sessão EXTRAORDINÁRIA 307, Legislatura 15 em 25/04/2012.;25/04/2012;2
9;94;Criou o projeto de ementa que: ''DISPOE SOBRE A CONCESSAO DE HOMENAGEM EM FORMA DE HONRARIA SALVA DE PRATA, EM COMEMORACAO AOS 110 ANOS DO COLEGIO BATISTA  BRASILEIRO, E DA OUTRAS PROVIDENCIAS.'', que foi APROVADO EM DISCUSSAO UNICA - Sessão EXTRAORDINÁRIA 307, Legislatura 15 em 25/04/2012.;25/04/2012;2
4;95;Criou o projeto de ementa que: ''CONCEDE AO SR. HIROSHI KONNO, O TITULO DE CIDADAO PAULISTANO'', que foi APROVADO EM DISCUSSAO UNICA - Sessão EXTRAORDINÁRIA 307, Legislatura 15 em 25/04/2012.;25/04/2012;2
35;96;Criou o projeto de ementa que: ''CONCEDE TITULO DE CIDADAO PAULISTANO AO SR. NEYMAR DA SILVA SANTOS JUNIOR'', que foi APROVADO EM DISCUSSAO UNICA - Sessão EXTRAORDINÁRIA 307, Legislatura 15 em 25/04/2012.;25/04/2012;2
53;97;Criou o projeto de ementa que: ''DISPOE SOBRE A OUTORGA DA MEDALHA ANCHIETA E DIPLOMA DE GRATIDAO DA CIDADE DE SAO PAULO AO SENHOR MIGUEL EDUARDO TORRES, E DA OUTRAS PROVIDENCIAS. *** SESSAO SOLENE DE ENTREGA REALIZADA EM 02/12/11 AS 19H NO PLENARIO ***'', que foi APROVADO EM DISCUSSAO UNICA - Sessão EXTRAORDINÁRIA 203, Legislatura 15 em 22/06/2011.;22/06/2011;2
32;98;Criou o projeto de ementa que: ''CONCEDE SALVA DE PRATA AO HOSPITAL SANTA MARCELINA, EM HOMENAGEM AO JUBILEU DE OURO. *** SESSAO SOLENE DE ENTREGA DA SALVA DE PRATA REALIZADA EM 11/08/2011 AS 19H ***'', que foi APROVADO EM DISCUSSAO UNICA - Sessão EXTRAORDINÁRIA 200, Legislatura 15 em 21/06/2011.;21/06/2011;2
27;99;Criou o projeto de ementa que: ''DISPOE SOBRE A OUTORGA DE MEDALHA ANCHIETA E DIPLOMA DE GRATIDAO DA CIDADE DE SAO PAULO AO HOSPITAL SANTA MARCELINA, PELOS SEUS 50 ANOS DE ATUACAO NA CIDADE, E DA OUTRAS PROVIDENCIAS.'', que foi APROVADO EM DISCUSSAO UNICA - Sessão EXTRAORDINÁRIA 200, Legislatura 15 em 21/06/2011.;21/06/2011;2
41;100;Criou o projeto de ementa que: ''DISPOE SOBRE A OUTORGA DA MEDALHA ANCHIETA E DO DIPLOMA DE GRATIDAO DA CIDADE DE SAO PAULO AO SENHOR VANDERLEI BAILONI,E DA OUTRAS PROVIDENCIAS. *** SESSAO SOLENE DE ENTREGA REALIZADA EM 19/08/2011 AS 19:30H ***'', que foi APROVADO EM DISCUSSAO UNICA - Sessão EXTRAORDINÁRIA 200, Legislatura 15 em 21/06/2011.;21/06/2011;2
9;101;Criou o projeto de ementa que: ''CONCEDE O TITULO DE CIDADAO PAULISTANO AO DR. JORGE ISHIDA.'', que foi APROVADO EM DISCUSSAO UNICA - Sessão EXTRAORDINÁRIA 200, Legislatura 15 em 21/06/2011.;21/06/2011;2
50;102;"Criou o projeto de ementa que: ''DISPOE SOBRE A OUTORGA DE ""TITULO DE CIDADAO PAULISTANO"" AO SENHOR IRAN GLADE, E DA OUTRAS PROVIDENCIAS. *** SESSAO SOLENE DE ENTREGA REALIZADA EM 24/10/11 AS 19H NO PLENARIO ***'', que foi APROVADO EM DISCUSSAO UNICA - Sessão EXTRAORDINÁRIA 200, Legislatura 15 em 21/06/2011.";21/06/2011;2
114;103;"Criou o projeto de ementa que: ''DISPOE SOBRE A CONCESSAO DE MEDALHA ANCHIETA E DIPLOMA DE GRATIDAO DA CIDADE DE SAO PAULO A AMELIA IMPERIO HAMBURGER ""IN MEMORIAM"". *** SESSAO SOLENE DE ENTREGA REALIZADA EM 26/09/2011 AS 19H NO SALAO NOBRE ***'', que foi APROVADO EM DISCUSSAO UNICA - Sessão EXTRAORDINÁRIA 200, Legislatura 15 em 21/06/2011.";21/06/2011;2
16;104;Criou o projeto de ementa que: ''DISPOE SOBRE A CONCESSAO DA SALVA DE PRATA A EMEI GUIA LOPES *** HONRARIA RETIRADA PELO VEREADOR PARA SER ENTREGUE FORA DA CASA ***'', que foi APROVADO EM DISCUSSAO UNICA - Sessão EXTRAORDINÁRIA 287, Legislatura 15 em 16/12/2011.;16/12/2011;2
50;105;Criou o projeto de ementa que: ''DISPOE SOBRE A OUTORGA DA MEDALHA ANCHIETA E DIPLOMA DE GRATIDAO DA CIDADE DE SAO PAULO, AO ILUSTRISSIMO SENHOR VALDIR GARCIA VIDAL, E DA OUTRAS PROVIDENCIAS.'', que foi APROVADO EM DISCUSSAO UNICA - Sessão EXTRAORDINÁRIA 287, Legislatura 15 em 16/12/2011.;16/12/2011;2
23;106;"Criou o projeto de ementa que: ''DISPOE SOBRE A CONCESSAO DE TITULO DE CIDADAO PAULISTANO AO ""SENHOR YASUNORI YONAMINE"", E DA OUTRAS PROVIDENCIAS *** HONRARIA RETIRADA EM 17/01/2012 PARA SER ENTREGUE EM EVENTO FORA DA CASA ***'', que foi APROVADO EM DISCUSSAO UNICA - Sessão EXTRAORDINÁRIA 287, Legislatura 15 em 16/12/2011.";16/12/2011;2
3;107;Criou o projeto de ementa que: ''DISPOE SOBRE A CON CESSAO DO TITULO DE CIDADAO PAULISTANO A MARCELO ODEBRECHT, E DA OUTRAS PROVIDENCIAS.'', que foi APROVADO EM DISCUSSAO UNICA - Sessão EXTRAORDINÁRIA 287, Legislatura 15 em 16/12/2011.;16/12/2011;2
41;108;"Criou o projeto de ementa que: ''DISPOE SOBRE A CONCESSAO DE HOMENAGEM EM FORMA DE HONRARIA ""SALVA DE PRATA"" PELOS 40 ANOS DO HOSPITAL DO SERVIDOR PUBLICO MUNICIPAL EM FORMA DE AUTARQUIA MUNICIPAL, E DA OUTRAS PROVIDENCIAS.'', que foi APROVADO EM DISCUSSAO UNICA - Sessão EXTRAORDINÁRIA 287, Legislatura 15 em 16/12/2011.";16/12/2011;2
27;109;"Criou o projeto de ementa que: ''DISPOE SOBRE A OUTORGA DE ""TITULO DE CIDADAO PAULISTANO"" AO SR. LUIZ GONZAGA KEDI AYRAO, E DA OUTRAS PROVIDENCIAS. *** SESSAO SOLENE DE ENTREGA REALIZADA EM 17/04/2012 AS 19H NO SALAO NOBRE ***'', que foi APROVADO EM DISCUSSAO UNICA - Sessão EXTRAORDINÁRIA 287, Legislatura 15 em 16/12/2011.";16/12/2011;2
1;110;Criou o projeto de ementa que: ''OBRIGA O PODER EXECUTIVO A MANTER DESFIBRILADORES EM TODAS AS AMBULANCIAS NO MUNICIPIO DE SAO PAULO.'', que foi APROVADO EM PRIMEIRA DISCUSSÃO - Sessão EXTRAORDINÁRIA 287, Legislatura 15 em 16/12/2011.;16/12/2011;2
116;111;Criou o projeto de ementa que: ''ACRESCE O O 4º AO ART. 12 DA LEI 8.424, DE 18 DE AGOSTO DE 1976, COM REDACAO DADA PELA LEI 10.839, DE 20 FEVEREIRO DE 1990 E LEI 11.089, DE 11 DE SETEMBRO DE 1991, E DA OUTRAS PROVIDENCIAS. (CONCEDE ISENCAO DE TARIFA DE TRANSPORTE A ESTUDANTES BOLSISTAS DO PROUNI ENTRE SUA RESIDENCIA E O ESTABELECIMENTO DE ENSINO, NOS LIMITES DO MUNICIPIO DE SAO PAULO)'', que foi APROVADO EM PRIMEIRA DISCUSSÃO - Sessão EXTRAORDINÁRIA 287, Legislatura 15 em 16/12/2011.;16/12/2011;2
112;112;Criou o projeto de ementa que: ''DISPOE SOBRE O FORNECIMENTO DE INFORMACOES OFICIAIS SOBRE ZONEAMENTO URBANO EM FORMATO DIGITAL PARA PUBLICACAO EM MEIOS DIGITAIS NO MUNICIPIO DE SAO PAULO, E DA OUTRAS PROVIDENCIAS.'', que foi APROVADO EM PRIMEIRA DISCUSSÃO - Sessão EXTRAORDINÁRIA 287, Legislatura 15 em 16/12/2011.;16/12/2011;2
115;113;Criou o projeto de ementa que: ''DISPOE SOBRE A PROIBICAO DE BEBIDAS ALCOOLICAS NAS PROXIMIDADES DE ESTABELECIMENTOS DE ENSINO DE NIVEL FUNDAMENTAL E MEDIO DA REDE PUBLICA E PRIVADA, E DA OUTRAS PROVIDENCIAS.'', que foi APROVADO EM PRIMEIRA DISCUSSÃO - Sessão EXTRAORDINÁRIA 287, Legislatura 15 em 16/12/2011.;16/12/2011;2
26;114;Criou o projeto de ementa que: ''DISPOE SOBRE A CONCESSAO DE ALVARA DE EXECUCAO DE OBRAS DE DEMOLICAO NO MUNICIPIO, E DA OUTRAS PROVIDENCIAS.'', que foi APROVADO EM PRIMEIRA DISCUSSÃO - Sessão EXTRAORDINÁRIA 287, Legislatura 15 em 16/12/2011.;16/12/2011;2
3;115;Criou o projeto de ementa que: ''INSTITUI NO MUNICIPIO DE SAO PAULO O SERVICO DE REMOCAO PARA OS PACIENTES COM DOENCA RENAL CRONICA EM TRATAMENTO NOS HOSPITAIS PUBLICOS E NAS CLINICAS DE HEMODIALISE, CONVENIADAS AO SISTEMA UNICO DE SAUDE.'', que foi APROVADO EM PRIMEIRA DISCUSSÃO - Sessão EXTRAORDINÁRIA 287, Legislatura 15 em 16/12/2011.;16/12/2011;2
21;116;Criou o projeto de ementa que: ''ALTERA DENOMINACAO DA RUA VIRGILINA SALES PARA RUA NIAZI CHOHFI, SITUADA NO DISTRITO SE, E DA OUTRAS PROVIDENCIAS.'', que foi APROVADO EM PRIMEIRA DISCUSSÃO - Sessão EXTRAORDINÁRIA 287, Legislatura 15 em 16/12/2011.;16/12/2011;2
45;117;Criou o projeto de ementa que: ''ACRESCENTA INCISO NO ART. 7º DA LEI 14.485, DE 19/07/07, QUE CONSOLIDOU A LEGISLACAO MUNICIPAL REFERENTE A DATAS COMEMORATIVAS, EVENTOS E FERIADOS DO MUNICIPIO DE SAO PAULO, PARA INCLUIR NO CALENDARIO O DIA DO MMA, A SER REALIZADO, ANUALMENTE, 16 DE JUNHO, E DA OUTRAS PROVIDENCIAS.'', que foi APROVADO EM PRIMEIRA DISCUSSÃO - Sessão EXTRAORDINÁRIA 287, Legislatura 15 em 16/12/2011.;16/12/2011;2
15;118;Criou o projeto de ementa que: ''DISPOE SOBRE A AMPLIACAO DO ROL DE PRODUTOS E SERVICOS A SEREM OFERECIDOS E COMERCIALIZADOS EM BANCAS DE JORNAL E REVISTAS NA CIDADE DE SAO PAULO, E DA OUTRAS PROVIDENCIAS.'', que foi APROVADO EM PRIMEIRA DISCUSSÃO - Sessão EXTRAORDINÁRIA 287, Legislatura 15 em 16/12/2011.;16/12/2011;2
40;119;"Criou o projeto de ementa que: ''INSTITUI ""OUTUBRO ROSA"", NO AMBITO DO MUNICIPIO DE SAO PAULO, E DA OUTRAS PROVIDENCIAS.'', que foi APROVADO EM PRIMEIRA DISCUSSÃO - Sessão EXTRAORDINÁRIA 285, Legislatura 15 em 15/12/2011.";15/12/2011;2
38;120;Criou o projeto de ementa que: ''CRIA O MUSEU MUNICIPAL DE ARTES GRAFICAS DE SAO PAULO, A SEMANA MUNICIPAL DE ARTES GRAFICAS, E DA OUTRAS PROVIDENCIAS.'', que foi APROVADO EM PRIMEIRA DISCUSSÃO - Sessão EXTRAORDINÁRIA 285, Legislatura 15 em 15/12/2011.;15/12/2011;2
22;121;Criou o projeto de ementa que: ''CONCEDE A MEDALHA ANCHIETA E O DIPLOMA DE GRATIDAO DA CIDADE DE SAO PAULO AO SR. SILVIO GARCIA. *** HONRARIA RETIRADA PELO VEREADOR EM 23/11/11 PARA SER ENTREGUE FORA DA CASA ***'', que foi APROVADO EM DISCUSSAO UNICA - Sessão EXTRAORDINÁRIA 196, Legislatura 15 em 15/06/2011.;15/06/2011;2
115;122;Criou o projeto de ementa que: ''DISPOE SOBRE A CONCESSAO DE TITULO DE CIDADAO PAULISTANO AO SENHOR ALI BARAKAT ABBAS.'', que foi APROVADO EM DISCUSSAO UNICA - Sessão EXTRAORDINÁRIA 196, Legislatura 15 em 15/06/2011.;15/06/2011;2
113;123;Criou o projeto de ementa que: ''DISPOE SOBRE A OUTORGA DE TITULO DE CIDADAO PAULISTANO AO DOUTOR MARIO GOBBI FILHO.'', que foi APROVADO EM DISCUSSAO UNICA - Sessão EXTRAORDINÁRIA 196, Legislatura 15 em 15/06/2011.;15/06/2011;2
121;124;Criou o projeto de ementa que: ''DISPOE SOBRE A OUTORGA DE TITULO DE CIDADAO PAULISTANO AO SENHOR EDIVALDO DEL GRANDE. *** SESSAO SOLENE DE ENTREGA REALIZADA EM 07/11/11 AS 19H30 NO PLENARIO ***'', que foi APROVADO EM DISCUSSAO UNICA - Sessão EXTRAORDINÁRIA 196, Legislatura 15 em 15/06/2011.;15/06/2011;2
131;125;Criou o projeto de ementa que: ''DISPOE SOBRE A CONCESSAO DE TITULO DE CIDADAO PAULISTANO AO PASTOR CESAR CASTELLANOS DOMINGUEZ, E DA OUTRAS PROVIDENCIAS.'', que foi APROVADO EM DISCUSSAO UNICA - Sessão EXTRAORDINÁRIA 196, Legislatura 15 em 15/06/2011.;15/06/2011;2
39;126;Criou o projeto de ementa que: ''DENOMINA RUA HELIO DE ALMEIDA CAMARGO, A VIELA INOMINADA, LOCALIZADA NA RUA KATUMI KIDA, ALTURA DO Nº 47, JARDIM DAS CAMELIAS, SAO MIGUEL PAULISTA, E DA OUTRAS PROVIDENCIAS.'', que foi APROVADO EM PRIMEIRA DISCUSSÃO - Sessão EXTRAORDINÁRIA 281, Legislatura 15 em 14/12/2011.;14/12/2011;2
115;127;Criou o projeto de ementa que: ''DISPOE SOBRE A OBRIGATORIEDADE DE INSTALACAO DE DETECTORES DE METAIS NAS ESCOLAS DA REDE PUBLICA MUNICIPAL DE SAO PAULO.'', que foi APROVADO EM PRIMEIRA DISCUSSÃO - Sessão EXTRAORDINÁRIA 281, Legislatura 15 em 14/12/2011.;14/12/2011;2
3;128;Criou o projeto de ementa que: ''DISPOE A OBRIGATORIEDADE DA IDENTIFICACAO DOS PRODUTOS QUE CONTEM GLUTEN NO CARDAPIO DOS ESTABELECIMENTOS, A FIM DE PREVENIR AS CAUSAS PROVENIENTES DA DOENCA CELIACA OU SINDROME CELIACA.'', que foi APROVADO EM PRIMEIRA DISCUSSÃO - Sessão EXTRAORDINÁRIA 281, Legislatura 15 em 14/12/2011.;14/12/2011;2
44;129;Criou o projeto de ementa que: ''REVOGA NA INTEGRA O DECRETO 52.290, DE 3 DE MAIO DE 2011, QUE DECLARA DE UTILIDADE PUBLICA, PARA FIM DE DESAPROPRIACAO, IMOVEIS PARTICULARES SITUADOS NO DISTRITO DA LAPA, SUBPREFEITURA DA LAPA, NECESSARIOS A IMPLANTACAO DE EQUIPAMENTO PUBLICO.'', que foi APROVADO EM DISCUSSAO UNICA - Sessão EXTRAORDINÁRIA 228, Legislatura 15 em 14/09/2011.;14/09/2011;2
133;130;Criou o projeto de ementa que: ''CONCEDE O TITULO DE CIDADAO PAULISTANO AO SR. FRANCISCO GOMES DA SILVA. *** SESSAO SOLENE DE ENTREGA REALIZADA EM 30/11/11 AS 19H NO AUDITORIO DO TEMPLO NOBRE DO PALACIO FRANCISCO RORATO DA GRANDE LOJA MACONICA DO ESTADO DE SAO PAULO, NA RUA SAO JOAQUIM, 138, LIBERDADE - SP ***'', que foi APROVADO EM DISCUSSAO UNICA - Sessão EXTRAORDINÁRIA 228, Legislatura 15 em 14/09/2011.;14/09/2011;2
114;131;Criou o projeto de ementa que: ''DISPOE SOBRE A OUTORGA DO TITULO DE SALVA DE PRATA EM HOMENAGEM AOS 90 ANOS DO SACERDOTE CARDEAL DOM PAULO EVARISTO ARNS.'', que foi APROVADO EM DISCUSSAO UNICA - Sessão EXTRAORDINÁRIA 228, Legislatura 15 em 14/09/2011.;14/09/2011;2
21;132;Criou o projeto de ementa que: ''DISPOE SOBRE A OUTORGA DE TITULO DE CIDADAO PAULISTANO AO SENHOR EMILIO VITALINO SANTIAGO, E DA OUTRAS PROVIDENCIAS.'', que foi APROVADO EM DISCUSSAO UNICA - Sessão EXTRAORDINÁRIA 228, Legislatura 15 em 14/09/2011.;14/09/2011;2
40;133;Criou o projeto de ementa que: ''DISPOE SOBRE A OUTORGA DE TITULO DE CIDADAO PAULISTANO AO SENHOR SERGIO ROBERTO SERAFIM, NO AMBITO DO MUNICIPIO DE SAO PAULO, E DA OUTRAS PROVIDENCIAS.'', que foi APROVADO EM DISCUSSAO UNICA - Sessão EXTRAORDINÁRIA 228, Legislatura 15 em 14/09/2011.;14/09/2011;2
131;134;Criou o projeto de ementa que: ''DISPOE SOBRE A CONCESSAO DE TITULO DE CIDADAO PAULISTANO AO DR. AIRTON GRAZZIOLI, E DA OUTRAS PROVIDENCIAS. *** SESSAO SOLENE DE ENTREGA REALIZADA EM 30/11/11 AS 19H NO SALAO NOBRE ***'', que foi APROVADO EM DISCUSSAO UNICA - Sessão EXTRAORDINÁRIA 228, Legislatura 15 em 14/09/2011.;14/09/2011;2
118;135;Criou o projeto de ementa que: ''DISPOE SOBRE A CONCESSAO DO TITULO DE CIDADAO PAULISTANO, AO ILUSTRISSIMO SENHOR DOUTOR LUIZ ALBERTO DE ARAUJO COSTA, E DA OUTRAS PROVIDENCIAS.'', que foi APROVADO EM DISCUSSAO UNICA - Sessão EXTRAORDINÁRIA 228, Legislatura 15 em 14/09/2011.;14/09/2011;2
9;136;Criou o projeto de ementa que: ''ACRESCE O O 6º DA LEI Nº 15.003, DE 23 DE OUTUBRO DE 2009, E DA OUTRAS PROVIDENCIAS. (ESTABELECE DISTANCIA MINIMA DE 200 METROS DOS LOCAIS QUE ESPECIFICA COMO EXIGENCIA PARA CONSTRUCAO E OPERACAO DE NOVOS HELIPONTOS E HELIPORTOS)'', que foi APROVADO EM PRIMEIRA DISCUSSÃO - Sessão EXTRAORDINÁRIA 228, Legislatura 15 em 14/09/2011.;14/09/2011;2
39;137;Criou o projeto de ementa que: ''CONCEDE TITULO DE CIDADAO PAULISTANO AO SR. YOSHISHIGUE MIKAN, E DA OUTRAS PROVIDENCIAS.'', que foi APROVADO EM DISCUSSAO UNICA - Sessão EXTRAORDINÁRIA 303, Legislatura 15 em 11/04/2012.;11/04/2012;2
11;138;"Criou o projeto de ementa que: ''DISPOE SOBRE A CONCESSAO DE TITULO DE CIDADAO PAULISTANO AO SR. LEON CAKOFF, ""IN MEMORIAN"".'', que foi APROVADO EM DISCUSSAO UNICA - Sessão EXTRAORDINÁRIA 303, Legislatura 15 em 11/04/2012.";11/04/2012;2
3;139;Criou o projeto de ementa que: ''DISPOE SOBRE A CONCESSAO DO TITULO DE CIDADA PAULISTANA A JUVANDIA MOREIRA LEITE, E DA OUTRAS PROVIDENCIAS.'', que foi APROVADO EM DISCUSSAO UNICA - Sessão EXTRAORDINÁRIA 303, Legislatura 15 em 11/04/2012.;11/04/2012;2
37;140;Criou o projeto de ementa que: ''DISPOE SOBRE A OUTORGA DO TITULO DE CIDADAO PAULISTANO AO DR. ERNST WOLFGANG HAMBURGUER.'', que foi APROVADO EM DISCUSSAO UNICA - Sessão EXTRAORDINÁRIA 303, Legislatura 15 em 11/04/2012.;11/04/2012;2
38;141;Criou o projeto de ementa que: ''DISPOE SOBRE A OUTORGA DO TITULO DE CIDADAO PAULISTANO AO DR. ERNST WOLFGANG HAMBURGUER.'', que foi APROVADO EM DISCUSSAO UNICA - Sessão EXTRAORDINÁRIA 303, Legislatura 15 em 11/04/2012.;11/04/2012;2
39;142;Criou o projeto de ementa que: ''CONCEDE TITULO DE CIDADAO PAULISTANO AO SR. VANDERLAN CRAVO RAMOS, E DA OUTRAS PROVIDENCIAS.'', que foi APROVADO EM DISCUSSAO UNICA - Sessão EXTRAORDINÁRIA 303, Legislatura 15 em 11/04/2012.;11/04/2012;2
43;143;"Criou o projeto de ementa que: ''DISPOE SOBRE A ENTREGA DE ""TITULO DE CIDADAO PAULISTANO"" PARA O DR. EDUARDO BLANCO CARDOSO.'', que foi APROVADO EM DISCUSSAO UNICA - Sessão EXTRAORDINÁRIA 303, Legislatura 15 em 11/04/2012.";11/04/2012;2
112;144;Criou o projeto de ementa que: ''DISPOE SOBRE A OUTORGA DO TITULO DE CIDADAO PAULISTANO AO PROF. DR. FABIO ROMEU DE CARVALHO, E DA OUTRAS PROVIDENCIAS.'', que foi APROVADO EM DISCUSSAO UNICA - Sessão EXTRAORDINÁRIA 303, Legislatura 15 em 11/04/2012.;11/04/2012;2
29;145;Criou o projeto de ementa que: ''DISPOE SOBRE A CONCESSAO DE HOMENAGEM EM FORMA DE HONRARIA SALVA DE PRATA, EM COMEMORACAO AOS 25 ANOS DA AMZOL - ASSOCIACAO DE MULHERES DA ZONA LESTE, E DA OUTRAS PROVIDENCIAS.'', que foi APROVADO EM DISCUSSAO UNICA - Sessão EXTRAORDINÁRIA 303, Legislatura 15 em 11/04/2012.;11/04/2012;2
11;146;Criou o projeto de ementa que: ''CONCEDE SALVA DE PRATA EM COMEMORACAO AOS 30 ANOS DO CONSERVATORIO MUSICAL SOUZA LIMA.'', que foi APROVADO EM DISCUSSAO UNICA - Sessão EXTRAORDINÁRIA 303, Legislatura 15 em 11/04/2012.;11/04/2012;2
50;147;Criou o projeto de ementa que: ''DISPOE SOBRE A CONCESSAO DE TITULO DE CIDADAO PAULISTANO AO SR. KAZUAKI OBE, CONSUL GERAL DO JAPAO EM SAO PAULO, E DA OUTRAS PROVIDENCIAS.'', que foi APROVADO EM DISCUSSAO UNICA - Sessão EXTRAORDINÁRIA 303, Legislatura 15 em 11/04/2012.;11/04/2012;2
53;148;Criou o projeto de ementa que: ''DISPOE SOBRE A CONCESSAO DE HOMENAGEM EM FORMA DE HONRARIA SALVA DE PRATA, EM COMEMORACAO AOS 70 ANOS DO SINTETEL-SP - SINDICATO DOS TRABALHADORES EM EMPRESAS DE TELECOMUNICACOES E OPERADORES DE MESAS TELEFONICAS NO ESTADO DE SAO PAULO E DA OUTRAS PROVIDENCIAS.'', que foi APROVADO EM DISCUSSAO UNICA - Sessão EXTRAORDINÁRIA 303, Legislatura 15 em 11/04/2012.;11/04/2012;2
4;149;Criou o projeto de ementa que: ''DISPOE SOBRE A OUTORGA DE SALVA DE PRATA A ASSOCIACAO DOS MORADORES E AMIGOS DA VILA GUILHERME E PELA COMEMORACAO AOS 100º ANIVERSARIO DO BAIRRO VILA GUILHERME.'', que foi APROVADO EM DISCUSSAO UNICA - Sessão EXTRAORDINÁRIA 303, Legislatura 15 em 11/04/2012.;11/04/2012;2
48;150;Criou o projeto de ementa que: ''DISPOE SOBRE A OUTORGA DE SALVA DE PRATA A ASSOCIACAO DOS MORADORES E AMIGOS DA VILA GUILHERME E PELA COMEMORACAO AOS 100º ANIVERSARIO DO BAIRRO VILA GUILHERME.'', que foi APROVADO EM DISCUSSAO UNICA - Sessão EXTRAORDINÁRIA 303, Legislatura 15 em 11/04/2012.;11/04/2012;2
119;151;Criou o projeto de ementa que: ''DISPOE SOBRE A CONCESSAO DO TITULO DE CIDADA PAULISTANA A JUVANDIA MOREIRA LEITE, E DA OUTRAS PROVIDENCIAS.'', que foi APROVADO EM DISCUSSAO UNICA - Sessão EXTRAORDINÁRIA 303, Legislatura 15 em 11/04/2012.;11/04/2012;2
3;152;Criou o projeto de ementa que: ''DISPOE SOBRE A CONCESSAO DO TITULO DE CIDADA PAULISTANA A MARIA VICTORIA DE MESQUITA BENEVIDES SOARES, E DA OUTRAS PROVIDENCIAS.'', que foi APROVADO EM DISCUSSAO UNICA - Sessão EXTRAORDINÁRIA 275, Legislatura 15 em 09/12/2011.;09/12/2011;2
50;153;Criou o projeto de ementa que: ''DISPOE SOBRE A OUTORGA DO TITULO DE CIDADAO PAULISTANO AO DR. MANOEL SANTANA CAMARA ALVES.'', que foi APROVADO EM DISCUSSAO UNICA - Sessão EXTRAORDINÁRIA 275, Legislatura 15 em 09/12/2011.;09/12/2011;2
32;154;Criou o projeto de ementa que: ''CONCEDE SALVA DE PRATA PARA UNIMED PAULISTANA, EM COMEMORACAO AOS 40 ANOS DA ENTIDADE. *** SESSAO SOLENE DE ENTREGA REALIZADA EM 12/12/11 AS 19H NO SALA NOBRE ***'', que foi APROVADO EM DISCUSSAO UNICA - Sessão EXTRAORDINÁRIA 275, Legislatura 15 em 09/12/2011.;09/12/2011;2
35;155;Criou o projeto de ementa que: ''DISPOE SOBRE A OUTORGA DE SALVA DE PRATA EM HOMENAGEM AOS 100 ANOS DO SANTOS FUTEBOL CLUBE.'', que foi APROVADO EM DISCUSSAO UNICA - Sessão EXTRAORDINÁRIA 275, Legislatura 15 em 09/12/2011.;09/12/2011;2
128;156;"Criou o projeto de ementa que: ''DISPOE SOBRE A OUTORGA DE ""MEDALHA ANCHIETA"" AO SR. ANTONIO CESAR ROMAO, E DA OUTRAS PROVIDENCIAS.'', que foi APROVADO EM DISCUSSAO UNICA - Sessão EXTRAORDINÁRIA 275, Legislatura 15 em 09/12/2011.";09/12/2011;2
112;157;Criou o projeto de ementa que: ''DISPOE SOBRE A OUTORGA DO TITULO DE CIDADA PAULISTANA A MAURREN HIGA MAGGI, E DA OUTRAS PROVIDENCIAS.'', que foi APROVADO EM DISCUSSAO UNICA - Sessão EXTRAORDINÁRIA 275, Legislatura 15 em 09/12/2011.;09/12/2011;2
38;158;Criou o projeto de ementa que: ''DISPOE SOBRE A OUTORGA DO TITULO DE CIDADAO PAULISTANO AO SR. ARMENIO GUEDES.'', que foi APROVADO EM DISCUSSAO UNICA - Sessão EXTRAORDINÁRIA 275, Legislatura 15 em 09/12/2011.;09/12/2011;2
39;159;Criou o projeto de ementa que: ''CONCEDE A SALVA DE PRATA AO CENTRO ESPORTIVO EDUCACIONAL SENADOR JOSE ERMIRIO DE MORAES, MAIS CONHECIDO COMO CLUBE ESCOLA CURUCA, E DA OUTRAS PROVIDENCIAS.'', que foi APROVADO EM DISCUSSAO UNICA - Sessão EXTRAORDINÁRIA 275, Legislatura 15 em 09/12/2011.;09/12/2011;2
39;160;Criou o projeto de ementa que: ''CONCEDE TITULO DE CIDADAO PAULISTANO AO SR. SYLVIO ALVES SENA, E DA OUTRAS PROVIDENCIAS.'', que foi APROVADO EM DISCUSSAO UNICA - Sessão EXTRAORDINÁRIA 275, Legislatura 15 em 09/12/2011.;09/12/2011;2
35;161;Criou o projeto de ementa que: ''CONCEDE TITULO DE CIDADAO PAULISTANO AO DR. EDUARDO AUGUSTO ALVES VERA-CRUZ PINTO. *** SESSAO SOLENE DE ENTREGA DE TITULO DE CIDADAO PAULISTANO REALIZADA EM 23/02/2012 AS 19H, NO SALAO NOBRE DA CAMARA MUNICIPAL DE SAO PAULO ***'', que foi APROVADO EM DISCUSSAO UNICA - Sessão EXTRAORDINÁRIA 275, Legislatura 15 em 09/12/2011.;09/12/2011;2
44;162;Criou o projeto de ementa que: ''CONCEDE TITULO DE CIDADAO PAULISTANO AO SR. ODED GRAJEW, E DA OUTRAS PROVIDENCIAS.'', que foi APROVADO EM DISCUSSAO UNICA - Sessão EXTRAORDINÁRIA 275, Legislatura 15 em 09/12/2011.;09/12/2011;2
11;163;Criou o projeto de ementa que: ''DISPOE SOBRE A OUTORGA DE SALVA DE PRATA EM HOMENAGEM AOS 30 ANOS DA OBRA SOCIAL DOM BOSCO EM  ITAQUERA. *** SESSAO SOLENE DE ENTREGA REALIZADA EM 25/11/11 AS 19H30 NO CENTRO DE FORMACAO E CULTURA DOM BOSCO/CSC, AVENIDA DO CONTORNO S/N, ITAQUERA - SP ***'', que foi APROVADO EM DISCUSSAO UNICA - Sessão EXTRAORDINÁRIA 275, Legislatura 15 em 09/12/2011.;09/12/2011;2
118;164;Criou o projeto de ementa que: ''DISPOE SOBRE A OUTORGA DE SALVA DE PRATA EM HOMENAGEM AOS 30 ANOS DA OBRA SOCIAL DOM BOSCO EM  ITAQUERA. *** SESSAO SOLENE DE ENTREGA REALIZADA EM 25/11/11 AS 19H30 NO CENTRO DE FORMACAO E CULTURA DOM BOSCO/CSC, AVENIDA DO CONTORNO S/N, ITAQUERA - SP ***'', que foi APROVADO EM DISCUSSAO UNICA - Sessão EXTRAORDINÁRIA 275, Legislatura 15 em 09/12/2011.;09/12/2011;2
21;165;"Criou o projeto de ementa que: ''DISPOE SOBRE A OUTORGA DE ""TITULO DE CIDADAO PAULISTANO"" AO SR. JAIME ALVES AROXA NETO, E DA OUTRAS PROVIDENCIAS.'', que foi APROVADO EM DISCUSSAO UNICA - Sessão EXTRAORDINÁRIA 245, Legislatura 15 em 08/11/2011.";08/11/2011;2
117;166;Criou o projeto de ementa que: ''DISPOE SOBRE A CONCESSAO DE TITULO DE CIDADAO PAULISTANO AO SR. FRANCISCO BARBOSA NASCIMENTO'', que foi APROVADO EM DISCUSSAO UNICA - Sessão EXTRAORDINÁRIA 245, Legislatura 15 em 08/11/2011.;08/11/2011;2
131;167;Criou o projeto de ementa que: ''DISPOE SOBRE A CONCESSAO DE SALVA DE PRATA AO SECOVI-SP, E DA OUTRAS PROVIDENCIAS. *** SESSAO SOLENE DE ENTREGA REALIZADA EM 23/11/11 AS 19H NO SALAO NOBRE ***'', que foi APROVADO EM DISCUSSAO UNICA - Sessão EXTRAORDINÁRIA 245, Legislatura 15 em 08/11/2011.;08/11/2011;2
113;168;"Criou o projeto de ementa que: ''CRIA O PREMIO ""HELEIETH SAFFIOTI"", E DA OUTRAS PROVIDENCIAS.'', que foi APROVADO EM DISCUSSAO UNICA - Sessão EXTRAORDINÁRIA 292, Legislatura 15 em 07/03/2012.";07/03/2012;2
38;169;Criou o projeto de ementa que: ''DISPOE SOBRE A OUTORGA DO TITULO DE CIDADA PAULISTANA A DRA. MARCIA MASCARENHAS DE REZENDE CAMARGOS.'', que foi APROVADO EM DISCUSSAO UNICA - Sessão EXTRAORDINÁRIA 176, Legislatura 15 em 05/05/2011.;05/05/2011;2
16;170;Criou o projeto de ementa que: ''DISPOE SOBRE A CONCESSAO DE TITULO DE CIDADAO PAULISTANO AO SENHOR FABIO PORTA. *** SESSAO SOLENE DE ENTREGA REALIZADA EM 09/09/2011 AS 19H NO SALAO NOBRE ***'', que foi APROVADO EM DISCUSSAO UNICA - Sessão EXTRAORDINÁRIA 176, Legislatura 15 em 05/05/2011.;05/05/2011;2
112;171;Criou o projeto de ementa que: ''DISPOE SOBRE A OUTORGA DO TITULO DE CIDADAO PAULISTANO AO JORNALISTA JOSE TRAJANO REIS QUINHOES, E DA OUTRAS PROVIDENCIAS.'', que foi APROVADO EM DISCUSSAO UNICA - Sessão EXTRAORDINÁRIA 176, Legislatura 15 em 05/05/2011.;05/05/2011;2
19;172;Criou o projeto de ementa que: ''DISPOE SOBRE A OUTORGA DO TITULO DE CIDADAO PAULISTANO AO SENHOR DAVID AUGUSTO DA FONTE, E DA OUTRAS PROVIDENCIAS. *** SESSAO SOLENE DE ENTREGA REALIZADA EM 02/04/2012 AS 19H30 NO PLENARIO ***'', que foi APROVADO EM DISCUSSAO UNICA - Sessão EXTRAORDINÁRIA 237, Legislatura 15 em 04/10/2011.;04/10/2011;2
116;173;"Criou o projeto de ementa que: ''DISPOE SOBRE A OUTORGA DE ""TITULO DE CIDADA PAULISTANA"" A EXCELENTISSIMA SENHORA DOUTORA JUIZA DE DIREITO LUISLINDA DIAS DE VALOIS SANTOS, E DA OUTRAS PROVIDENCIAS.'', que foi APROVADO EM DISCUSSAO UNICA - Sessão EXTRAORDINÁRIA 237, Legislatura 15 em 04/10/2011.";04/10/2011;2
116;174;"Criou o projeto de ementa que: ''DISPOE SOBRE A OUTORGA DE ""TITULO DE CIDADAO PAULISTANO"" AO SENHOR ELOI FERREIRA DE ARAUJO, E DA OUTRAS PROVIDENCIAS.'', que foi APROVADO EM DISCUSSAO UNICA - Sessão EXTRAORDINÁRIA 237, Legislatura 15 em 04/10/2011.";04/10/2011;2
44;175;Criou o projeto de ementa que: ''DISPOE SOBRE A CRIACAO DE FORUM SUPRAPARTIDARIO POR UMA SAO PAULO SAUDAVEL E SUSTENTAVEL.'', que foi APROVADO COM EMENDAS EM PRIMEIRA DISCUSSÃO - Sessão EXTRAORDINÁRIA 298, Legislatura 15 em 03/04/2012.;03/04/2012;2
35;176;Criou o projeto de ementa que: ''DISPOE SOBRE A CRIACAO DE FAIXAS EXCLUSIVAS PARA ONIBUS NO MUNICIPIO, E DA OUTRAS PROVIDENCIAS.'', que foi APROVADO EM PRIMEIRA DISCUSSÃO - Sessão EXTRAORDINÁRIA 222, Legislatura 15 em 02/08/2011.;02/08/2011;2
43;177;Criou o projeto de ementa que: ''DISPOE SOBRE A CRIACAO DE FAIXAS EXCLUSIVAS PARA ONIBUS NO MUNICIPIO, E DA OUTRAS PROVIDENCIAS.'', que foi APROVADO EM PRIMEIRA DISCUSSÃO - Sessão EXTRAORDINÁRIA 222, Legislatura 15 em 02/08/2011.;02/08/2011;2
34;178;Criou o projeto de ementa que: ''DISPOE SOBRE A CRIACAO DE FAIXAS EXCLUSIVAS PARA ONIBUS NO MUNICIPIO, E DA OUTRAS PROVIDENCIAS.'', que foi APROVADO EM PRIMEIRA DISCUSSÃO - Sessão EXTRAORDINÁRIA 222, Legislatura 15 em 02/08/2011.;02/08/2011;2
20;179;Criou o projeto de ementa que: ''DISPOE SOBRE A CRIACAO DE FAIXAS EXCLUSIVAS PARA ONIBUS NO MUNICIPIO, E DA OUTRAS PROVIDENCIAS.'', que foi APROVADO EM PRIMEIRA DISCUSSÃO - Sessão EXTRAORDINÁRIA 222, Legislatura 15 em 02/08/2011.;02/08/2011;2
9;180;Criou o projeto de ementa que: ''DISPOE SOBRE A CRIACAO DE FAIXAS EXCLUSIVAS PARA ONIBUS NO MUNICIPIO, E DA OUTRAS PROVIDENCIAS.'', que foi APROVADO EM PRIMEIRA DISCUSSÃO - Sessão EXTRAORDINÁRIA 222, Legislatura 15 em 02/08/2011.;02/08/2011;2
5;181;Criou o projeto de ementa que: ''DISPOE SOBRE A CRIACAO DE FAIXAS EXCLUSIVAS PARA ONIBUS NO MUNICIPIO, E DA OUTRAS PROVIDENCIAS.'', que foi APROVADO EM PRIMEIRA DISCUSSÃO - Sessão EXTRAORDINÁRIA 222, Legislatura 15 em 02/08/2011.;02/08/2011;2
132;182;Criou o projeto de ementa que: ''DISPOE SOBRE O PROGRAMA LINGUA ESTRANGEIRA PARA A GUARDA CIVIL METROPOLITANA, CRIA A GRATIFICACAO POR CONHECIMENTO ESPECIFICO DE LINGUA ESTRANGEIRA, E FIXA OUTRAS PROVIDENCIAS'', que foi APROVADO EM PRIMEIRA DISCUSSÃO - Sessão EXTRAORDINÁRIA 222, Legislatura 15 em 02/08/2011.;02/08/2011;2
132;183;Criou o projeto de ementa que: ''DISPOE SOBRE AS PLACAS INDICATIVAS DE SINALIZACAO DE TRANSITO, VIAS E PRINCIPAIS ACESSOS, E FIXA OUTRAS PROVIDENCIAS.'', que foi APROVADO EM PRIMEIRA DISCUSSÃO - Sessão EXTRAORDINÁRIA 222, Legislatura 15 em 02/08/2011.;02/08/2011;2
32;184;Criou o projeto de ementa que: ''INSTITTUI O PROGRAMA HOSPITAL DOMICILIAR DE ATENDIMENTO E INTERNACAO DOMICILIAR NO MUNICIPIO DE SAO PAULO - PROHDOM, E DA OUTRAS PROVIDENCIAS.'', que foi APROVADO EM PRIMEIRA DISCUSSÃO - Sessão EXTRAORDINÁRIA 222, Legislatura 15 em 02/08/2011.;02/08/2011;2
12;185;"Criou o projeto de ementa que: ''INSTITUI, NO AMBITO DO MUNICIPIO DE SAO PAULO, O ""PROGRAMA DE SEGURANCA URBANA BAIRRO A BAIRRO"" E DA OUTRAS PROVIDENCIAS.'', que foi APROVADO EM PRIMEIRA DISCUSSÃO - Sessão EXTRAORDINÁRIA 222, Legislatura 15 em 02/08/2011.";02/08/2011;2
42;186;Criou o projeto de ementa que: ''ESTABELECE DIRETRIZES A SEREM OBSERVADAS PARA A PUBLICACAO DE DADOS E INFORMACOES PELA PREFEITURA DO MUNICIPIO DE SAO PAULO EM FORMATO ELETRONICO, E DA OUTRAS PROVIDENCIAS.'', que foi APROVADO EM PRIMEIRA DISCUSSÃO - Sessão EXTRAORDINÁRIA 222, Legislatura 15 em 02/08/2011.;02/08/2011;2
25;187;Criou o projeto de ementa que: ''DENOMINA PRACA ANTONIO FAGUNDES, O ESPACO PUBLICO SEM DENOMINACAO LOCALIZADO NA AVENIDA FRANCISCO MONT'ALVERNE, NO BAIRRO JARDIM DAS ESMERALDAS, DISTRITO DE BUTANTA.'', que foi APROVADO EM PRIMEIRA DISCUSSÃO - Sessão EXTRAORDINÁRIA 308, Legislatura 15 em 02/05/2012.;02/05/2012;2
21;188;Criou o projeto de ementa que: ''OUTORGA A RODRIGO ALCAZAR FARO A MEDALHA ANCHIETA E O DIPLOMA DE GRATIDAO DA CIDADE DE SAO PAULO, E DA OUTRASPROVIDENCIAS.'', que foi APROVADO EM DISCUSSAO UNICA - Sessão EXTRAORDINÁRIA 308, Legislatura 15 em 02/05/2012.;02/05/2012;2
128;189;Criou o projeto de ementa que: ''DENOMINA PRACA OXUM IPONDA O LOGRADOURO PUBLICO INOMINADO LOCALIZADO A ALTURA DO Nº 145 DA RUA ARARIMA.'', que foi APROVADO EM PRIMEIRA DISCUSSÃO - Sessão EXTRAORDINÁRIA 308, Legislatura 15 em 02/05/2012.;02/05/2012;2
1;190;Criou o projeto de ementa que: ''DENOMINA TRAVESSA JOAO PAULO RODRIGUES A TRAVESSA INOMINADA LOCALIZADA A RUA CARLOS FACCHINA, ALTURA DO Nº 526 - AMERICANOPOLIS - SUBPREFEITURA DA CIDADE ADEMAR.'', que foi APROVADO EM PRIMEIRA DISCUSSÃO - Sessão EXTRAORDINÁRIA 308, Legislatura 15 em 02/05/2012.;02/05/2012;2
1;191;Criou o projeto de ementa que: ''DENOMINA PRACA DA FAMILIA A PRACA INOMINADA, LOCALIZADA ENTRE A AVENIDA INACIO CUNHA LEME E RUA JOSE JOAQUIM CESAR - JARDIM SUZANA - SUBPREFEITURA DA CAPELA DO SOCORRO.'', que foi APROVADO EM PRIMEIRA DISCUSSÃO - Sessão EXTRAORDINÁRIA 308, Legislatura 15 em 02/05/2012.;02/05/2012;2
26;192;Criou o projeto de ementa que: ''DISPOE SOBRE DENOMINACAO DE LOGRADOURO PUBLICO SITUADO NA CONFLUENCIA E FAZ A LIGACAO VIARIA DAS AVENIDAS BRIGADEIRO FARIA LIMA, RUA DOS PINHEIROS, TEODORO SAMPAIO, CARDEAL ARCOVERDE, BALTAZAR CARRASCO, MARTIN CARRASCO E CHOPIN TAVARES DE LIMA, NO BAIRRO DE PINHEIROS, NESTE MUNICIPIO. (PASSA A DENOMINAR-SE LARGO DA BATATA).'', que foi APROVADO EM PRIMEIRA DISCUSSÃO - Sessão EXTRAORDINÁRIA 308, Legislatura 15 em 02/05/2012.;02/05/2012;2
34;193;Criou o projeto de ementa que: ''DISPOE, SOBRE A REVOGACAO DA LEI Nº 15.017 DE 29 DE OUTUBRO DE 2009 - QUE DENOMINA PASSARELA BRAZ JAIME ROMANO NO MUNICIPIO DE SAO PAULO. (SITUADA SOBRE A AV. ANHAIA MELLO E ENTRE AS RUAS FRANCISCO POLITO E DR. SANARELI, DISTRITO DE VILA PRUDENTE)'', que foi APROVADO EM PRIMEIRA DISCUSSÃO - Sessão EXTRAORDINÁRIA 308, Legislatura 15 em 02/05/2012.;02/05/2012;2
40;194;Criou o projeto de ementa que: ''DENOMINA TRAVESSA DONA MARIA SEVERINA DA SILVA O ESPACO LIVRE SEM DENOMINACAO LOCALIZADO ENTRE AS RUAS EUGENIO SANS E A RUA MANUEL NUNES FIGUEIRA - ITAIM PAULISTA, SUBPREFEITURA ITAIM PAULISTA, E DA OUTRAS PROVIDENCIAS.'', que foi APROVADO EM PRIMEIRA DISCUSSÃO - Sessão EXTRAORDINÁRIA 308, Legislatura 15 em 02/05/2012.;02/05/2012;2
34;195;Criou o projeto de ementa que: ''ALTERA DENOMINACAO DA ATUAL ESTRADA DO PORTO, NO BAIRRO DO GRAJAU, PARA RUA JOSE GOMES.'', que foi APROVADO EM PRIMEIRA DISCUSSÃO - Sessão EXTRAORDINÁRIA 308, Legislatura 15 em 02/05/2012.;02/05/2012;2
1;196;Criou o projeto de ementa que: ''DENOMINA NEUZA AVELINO DA SILVA MELO A EMEF INOMINADA, CONHECIDA POR EMEF CAUCASICA, LOCALIZADA A RUA CAUCASICA - VILA JACUI - SAO MIGUEL PAULISTA.'', que foi APROVADO EM PRIMEIRA DISCUSSÃO - Sessão EXTRAORDINÁRIA 308, Legislatura 15 em 02/05/2012.;02/05/2012;2
34;197;Criou o projeto de ementa que: ''CONCEDE SALVA DE PRATA A 12ª DELEGACIA DE POLICIA DA CAPITAL'', que foi APROVADO EM DISCUSSAO UNICA - Sessão EXTRAORDINÁRIA 308, Legislatura 15 em 02/05/2012.;02/05/2012;2
113;198;Criou o projeto de ementa que: ''DISPOE SOBRE A OUTORGA DO TITULO DE CIDADA PAULISTANA A SRA. ELEONORA MENICUCCI DE OLIVEIRA, E DA OUTRAS PROVIDENCIAS.'', que foi APROVADO EM DISCUSSAO UNICA - Sessão EXTRAORDINÁRIA 308, Legislatura 15 em 02/05/2012.;02/05/2012;2
127;199;"Criou o projeto de ementa que: ''DISPOE SOBRE A OUTORGA DE ""TITULO DE CIDADAO PAULISTANO"" AO SR. CARLOS WIZARD MARTINS, E DA OUTRAS PROVIDENCIAS.'', que foi APROVADO EM DISCUSSAO UNICA - Sessão EXTRAORDINÁRIA 308, Legislatura 15 em 02/05/2012.";02/05/2012;2
19;200;Criou o projeto de ementa que: ''DENOMINA PRACA BERNARDINO ANTONIO MAHALEM, O LOGRADOURO INOMINADO, DELIMITADO PELAS VIAS DE CIRCULACAO: RUA OLHO DIAGUA DO BORGES E RUA SEM DENOMINACAO OFICIAL, BAIRRO E DISTRITO DE CANGAIBA, SUBPREFEITURA PENHA, E DA OUTRAS PROVIDENCIAS.'', que foi APROVADO EM PRIMEIRA DISCUSSÃO - Sessão EXTRAORDINÁRIA 308, Legislatura 15 em 02/05/2012.;02/05/2012;2
122;201;Criou o projeto de ementa que: ''DISPOE SOBRE A DENOMINACAO COMO PRACA PROF. WALDOMIRO PEREIRA DE FARIA O LOGRADOURO PUBLICO INOMINADO NO JARDIM ETELVINA, DISTRITO DE GUAIANASES, E DA OUTRAS PROVIDENCIAS. (LOCALIZADO NA CONFLUENCIA DA RUA ALDEIA DOS MACHACALIS COM A AVENIDA NORDESTINA).'', que foi APROVADO EM PRIMEIRA DISCUSSÃO - Sessão EXTRAORDINÁRIA 227, Legislatura 15 em 01/09/2011.;01/09/2011;2
41;202;Criou o projeto de ementa que: ''ALTERA A DENOMINACAO DO CENTRO EDUCACIONAL UNIFICADO JACANA PARA CENTRO EDUCACIONAL UNIFICADO JACANA - ANIBAL DE FREITAS, E DA OUTRAS PROVIDENCIAS.'', que foi APROVADO EM PRIMEIRA DISCUSSÃO - Sessão EXTRAORDINÁRIA 227, Legislatura 15 em 01/09/2011.;01/09/2011;2
50;203;Criou o projeto de ementa que: ''DISPOE SOBRE A OUTORGA DO TITULO DE CIDADAO PAULISTANO AO DR. KIYOSHI HARADA. *** SESSAO SOLENE DE ENTREGA REALIZADA EM 16/09/2011 AS 19H NO PLENARIO ***'', que foi APROVADO EM DISCUSSAO UNICA - Sessão EXTRAORDINÁRIA 217, Legislatura 15 em 01/07/2011.;01/07/2011;2
38;204;Criou o projeto de ementa que: ''DENOMINA PRACA PEDRINA GUEDES SILVA, O LOGRADOURO PUBLICO INOMINADO, LOCALIZADO NA CONFLUENCIA DAS RUAS PEDRO VIDAL E GUACHARAPOS - DISTRITO DE TUCURUVI.'', que foi APROVADO POR PARECERES EM 31/03/2012; 31/03/2012;2
131;205;"Criou o projeto de ementa que: ''ALTERA A LEI Nº 14.485, DE 19 DE JULHO DE 2007, PARA INCLUIR O ""DIA DO BAIRRO DO TEOTONIO VILELA"", A SER COMEMORADO ANUALMENTE NO DIA 26 DE SETEMBRO.'', que foi APROVADO POR PARECERES EM 29/11/2011"; 29/11/2011;2
118;206;Criou o projeto de ementa que: ''ALTERA A LEI 14.485, DE 19 DE JULHO DE 2007, COM A FINALIDADE DE INCLUIR NO CALENDARIO OFICIAL DE EVENTOS DA CIDADE DE SAO PAULO O DIA EM MEMORIA AO FUTEBOL BRASILEIRO, A SER COMEMORADO NO DIA 24 DE NOVEMBRO, E DA OUTRAS PROVIDENCIAS.'', que foi APROVADO POR PARECERES EM 29/11/2011; 29/11/2011;2
128;207;Criou o projeto de ementa que: ''DISPOE SOBRE A OUTORGA DE SALVA DE PRATA A PAROQUIA SAO LUIZ GONZAGA E DA OUTRAS PROVIDENCIAS. *** HONRARIA RETIRADA PELO VEREADOR PARA SER ENTREGUE FORA DA CASA ***'', que foi APROVADO POR PARECERES EM 29/06/2011; 29/06/2011;2
9;208;"Criou o projeto de ementa que: ''DISPOE SOBRE DENOMINACAO DE LOGRADOURO PUBLICO, E DA OUTRAS PROVIDENCIAS. (DENOMINA-SE PRCA ""IOLI ABILIO"", A ATUAL PCA. INOMINADA, LOCALIZADA ENTRE A ALTURA DO Nº 360 DA RUA DA SAFRA E NA ALTURA DO Nº 321 DA RUA DOS MUTIRANTES,  BAIRRO CAPAO REDONDO, ZONA SUL).'', que foi APROVADO POR PARECERES EM 27/09/2011"; 27/09/2011;2
29;209;"Criou o projeto de ementa que: ''ALTERA A LEI 14.485, DE 19 DE JULHO DE 2007 PARA INCLUIR A ""VIRADA GASTRONOMICA PAULISTANA"", A SER REALIZADA ANUALMENTE NO MES DE MARCO, E DA OUTRAS PROVIDENCIAS.'', que foi APROVADO POR PARECERES EM 23/12/2011"; 23/12/2011;2
119;210;Criou o projeto de ementa que: ''ALTERA A LEI Nº 14.485 DE 19 DE JULHO DE 2007, PARA INCLUIR NO CALENDARIO OFICIAL DO MUNICIPIO DA CIDADE DE SAO PAULO, O PAGODE DA 27, A SER REALIZADO ANUALMENTE NO ULTIMO DOMINGO DE AGOSTO, E DA OUTRAS PROVIDEENCIAS.'', que foi APROVADO POR PARECERES EM 23/12/2011; 23/12/2011;2
37;211;Criou o projeto de ementa que: ''ALTERA A LEI Nº 14.485, DE 19 DE JULHO DE 2007, PARA INCLUIR O DIA DE COMBATE AO CRACK, A SE CELEBRAR ANUALMENTE NO DIA 15 DE JUNHO E DA OUTRAS PROVIDENCIAS.'', que foi APROVADO POR PARECERES EM 21/11/2011; 21/11/2011;2
19;212;Criou o projeto de ementa que: ''ALTERA A LEI Nº 14.485, DE 19 DE JULHO DE 2007, PARA NELA INCLUIR O DIA MUNICIPAL DO CHEVROLET CLUBE DO BRASIL DE CARROS ANTIGOS, A SER COMEMORADO, ANUALMENTE, NO MES DE AGOSTO, E DA OUTRAS PROVIDENCIAS.'', que foi APROVADO POR PARECERES EM 21/10/2011; 21/10/2011;2
43;213;Criou o projeto de ementa que: ''DENOMINA A PRACA MARIA ANUNCIADA TORRES BATISTA A PRACA PUBLICA INOMINADA, SITUADA ENTRE AS RUAS HERCULANO JOSE DOS SANTOS E LUIZ ELSON, PERUS.'', que foi APROVADO POR PARECERES EM 21/10/2011; 21/10/2011;2
19;214;Criou o projeto de ementa que: ''DENOMINA PRACA MANUEL MARCOS SENRA AZEVEDO, O ESPACO LIVRE DELIMITADO PELA AVENIDA ONZE DE JUNHO E RUA HABERBECK BRANDAO, BAIRRO/DISTRITO DE VILA MARIANA, SUBPREFEITURA VILA MARIANA, E DA OUTRAS PROVIDENCIAS.'', que foi APROVADO POR PARECERES EM 21/10/2011; 21/10/2011;2
117;215;Criou o projeto de ementa que: ''ALTERA A LEI Nº 14.485, DE 19 DE JULHO DE 2007 COM A FINALIDADE DE INCLUIR NO CALENDARIO OFICIAL DE EVENTOS DO MUNICIPIO DE SAO PAULO O DESFILE YAYARTES - BLOCO CARNAVALESCO CASA DA DONA YAYA.'', que foi APROVADO POR PARECERES EM 21/10/2011; 21/10/2011;2
35;216;Criou o projeto de ementa que: ''ALTERA A LEI 14.485, DE 19 DE JULHO DE 2007, PARA INCLUIR O DIA DA NOSSA SENHORA DO LIBANO A SER COMEMORADO ANUALMENTE NO 3º DOMINGO DE MAIO, E DA OUTRAS PROVIDENCIAS.'', que foi APROVADO POR PARECERES EM 21/10/2011; 21/10/2011;2
15;217;Criou o projeto de ementa que: ''DISPOE SOBRE A OUTORGA DE TITULO DE CIDADAO PAULISTANO AO DOUTOR TABAJARA ACACIO DE CARVALHO. *** SESSAO SOLENE DE ENTREGA REALIZADA EM 23/09/2011 AS 19H NO PLENARIO ***'', que foi APROVADO POR PARECERES EM 20/06/2011; 20/06/2011;2
27;218;Criou o projeto de ementa que: ''DISPOE SOBRE A INCLUSAO NO CALENDARIO OFICIAL DO MUNICIPIO O ENCONTRO DE CULTURA E ARTE DAS COMUNIDADES DE RAIZES ESTRANGEIRAS, E DA OUTRAS PROVIDENCIAS.'', que foi APROVADO POR PARECERES EM 17/12/2011; 17/12/2011;2
4;219;"Criou o projeto de ementa que: ''DENOMINA ""PRACA CICERO CRUZ LANDIM"", A INOMINADA PRACA LOCALIZADA ENTRE AS RUAS CANDIDO GOMIDE E A RUA JOAO DA SILVA, NO ITAIM PAULISTA, E DA OUTRAS PROVIDENCIAS.'', que foi APROVADO POR PARECERES EM 17/12/2011"; 17/12/2011;2
5;220;Criou o projeto de ementa que: ''ALTERA A LEI Nº 14.485, DE 19 DE JULHO DE 2007, PARA INCLUIR O EVENTO CARNAVAL DE RUA DE PERUS, A SER REALIZADO ANUALMEN- TE NA TERCA-FEIRA DE CARNAVAL, E DA OUTRAS PROVIDENCIAS.'', que foi APROVADO POR PARECERES EM 17/12/2011; 17/12/2011;2
5;221;Criou o projeto de ementa que: ''INSTITUI O DIA DE PARAISOPOLIS NO AMBITO DO MUNICIPIO DE SAO PAULO, E DA OUTRAS PROVIDENCIAS.'', que foi APROVADO POR PARECERES EM 17/12/2011; 17/12/2011;2
19;222;Criou o projeto de ementa que: ''DENOMINA PRACA LUDOVICO PIAZZA O LOGRADOURO INOMINADO DELIMITADO PELAS VIAS DE CIRCULACAO: RUA WANDENKOLK E RUA DA MOOCA - SUBPREFEITURA DA MOOCA, E DA OUTRAS PROVIDENCIAS.'', que foi APROVADO POR PARECERES EM 17/12/2011; 17/12/2011;2
45;223;Criou o projeto de ementa que: ''ACRESCENTA INCISO NO ART. 7º DA LEI 14.485, DE 19 DE JULHO DE 2007, QUE CONSOLIDOU A LEGISLACAO MUNICIPAL REFERENTE A DATAS COMEMORATIVAS, EVENTOS E FERIADOS DO MUNICIPIO DE SAO PAULO, PARA INCLUIR NO CALENDARIO A SEMANA JUNTOS CONTRA O BULLYING, A SER REALIZADA, ANUALMENTE NA QUARTA SEMANA DE SETEMBRO, E DA OUTRAS PROVIDENCIAS.'', que foi APROVADO POR PARECERES EM 17/12/2011; 17/12/2011;2
127;224;Criou o projeto de ementa que: ''ACRESCENTA INCISO NO ART. 7º DA LEI 14.485, DE 19 DE JULHO DE 2007, QUE CONSOLIDOU A LEGISLACAO MUNICIPAL REFERENTE A DATAS COMEMORATIVAS, EVENTOS E FERIADOS DO MUNICIPIO DE SAO PAULO, PARA INCLUIR NO CALENDARIO A SEMANA JUNTOS CONTRA O BULLYING, A SER REALIZADA, ANUALMENTE NA QUARTA SEMANA DE SETEMBRO, E DA OUTRAS PROVIDENCIAS.'', que foi APROVADO POR PARECERES EM 17/12/2011; 17/12/2011;2
27;225;"Criou o projeto de ementa que: ''ALTERA A LEI 14.485, DE 19 DE JULHO DE 2007, PARA NELA INCLUIR O ""DIA DO TRABALHADOR DA FISCALIZACAO DO TRANSPORTE PUBLICO"", A SER COMEMORADO ANUALMENTE NO DIA 25 DE OUTUBRO, E DA OUTRAS PROVIDENCIAS.'', que foi APROVADO POR PARECERES EM 17/12/2011"; 17/12/2011;2
37;226;"Criou o projeto de ementa que: ''ALTERA A LEI Nº 14.485, DE 19 DE JULHO DE 2007, PARA CRIAR O ""DIA DO CIRCULO DE ORACAO"", A SER COMEMORADO ANUALMENTE NO DIA 06 DE MARCO, E DA OUTRAS PROVIDENCIAS.'', que foi APROVADO POR PARECERES EM 17/12/2011"; 17/12/2011;2
41;227;Criou o projeto de ementa que: ''ALTERA A LEI Nº 14.485, DE 19 DE JULHO DE 2007, COM A FINALIDADE DE INCLUIR O DIA DO EVENTO SOCIAL CULTURAL DO IMIRIM A SER REALIZADO ANUALMENTE, NO SABADO ANTERIOR AO DA SEMANA DOS FESTEJOS DE CARNAVAL, E DA OUTRAS PROVIDENCIAS.'', que foi APROVADO POR PARECERES EM 17/03/2012; 17/03/2012;2
19;228;Criou o projeto de ementa que: ''ALTERA O INCISO CXI, DO ARTIGO 7º, DA LEI Nº 14.485, DE 19 DE JULHO DE 2007, PARA INCLUIR O DIA DO ENXADRISTA, A SER COMEMORADO, ANUALMENTE, EM 12 DE JUNHO, E DA OUTRAS PROVIDENCIAS.'', que foi APROVADO POR PARECERES EM 16/02/2012; 16/02/2012;2
9;229;Criou o projeto de ementa que: ''DISPOE SOBRE DENOMINACAO DE LOGRADOURO PUBLICO, E DA OUTRAS PROVIDENCIAS. (DENOMINA-SE VIELA ANTONIO CARLOS DONIQUE, CONHECIDA COMO VIELA COHAB ADVENTISTA, LOCALIZADA ENTRE A TRAVESSA RAIZ DE CEDRO E AS RUAS LAPA DOS ESTEIOS E RUA MILTON GUMILL, CAPAO REDONDO, ZONA SUL).'', que foi APROVADO POR PARECERES EM 15/03/2012; 15/03/2012;2
19;230;Criou o projeto de ementa que: ''DENOMINA PRACA JOAO AMARO NAZARETH, O LOGRADOURO INOMINADO, DELIMITADO PELAS VIAS DE CIRCULACAO: AVENIDA CAMPANELLA E RUA VALDOMIRO FONSECA, BAIRRO E DISTRITO DE ITAQUERA, SUBPREFEITURA DE ITAQUERA, E DA OUTRAS PROVIDENCIAS.'', que foi APROVADO POR PARECERES EM 14/03/2012; 14/03/2012;2
19;231;Criou o projeto de ementa que: ''DENOMINA PASSARELA ANTONIO JOSE DA FONSECA, O LOGRADOURO INOMINADO, A PERMITIR O DESLOCAMENTO EXCLUSIVO DE PEDESTRES, LOCALIZADO NO SENTIDO TRANSVERSAL A VIA DE CIRCULACAO: AV.DO ESTADO, ACESSO DA RUA DONA ANA NERI PARA A ESTACAO ANA NERI, BAIRRO/DISTRITO CAMBUCI, SUBPREFEITURA DA SE.'', que foi APROVADO POR PARECERES EM 13/12/2011; 13/12/2011;2
40;232;"Criou o projeto de ementa que: ''INSTITUI NO CALENDARIO OFICIAL DO MUNICIPIO DE SAO PAULO, O EVENTO ESPORTIVO DENOMINADO ""200 MILHAS DE INTERLAGOS"", E DA OUTRAS PROVIDENCIAS.'', que foi APROVADO POR PARECERES EM 13/12/2011"; 13/12/2011;2
121;233;Criou o projeto de ementa que: ''ALTERA A LEI Nº 14.485, DE 19 DE JULHO DE 2007, COM A FINALIDADE DE INCLUIR NO CALENDARIO OFICIAL DE EVENTOS DA CIDADE DE SAO PAULO O FESTIVAL DE INVERNO DA MOOCA, E DA OUTRAS PROVIDENCIAS'', que foi APROVADO POR PARECERES EM 13/12/2011; 13/12/2011;2
19;234;Criou o projeto de ementa que: ''ALTERA O INCISO LXXXVII, DO ART. 7º, DA LEI 14.485, DE 19 DE JULHO DE 2007, PARA INCLUIR O DIA DAS AUTO MOTO ESCOLAS E DOS CENTROS FORMADORES DE CONDUTORES - CFC'S EM GERAL, A SER COMEMORADO, ANUALMENTE, EM 15 DE MAIO, E DA OUTRAS PROVIDENCIAS.'', que foi APROVADO POR PARECERES EM 09/03/2012; 09/03/2012;2
5;235;Criou o projeto de ementa que: ''DENOMINA PRACA ANSELMO LANGHI, O LOGRADOURO PUBLICO INOMINADO EXISTENTE ENTRE OS NºS. 288 E 378 DA AVENIDA MARECHAL JUAREZ TAVORA - SUPERQUADRA MORUMBI.'', que foi APROVADO POR PARECERES EM 09/03/2012; 09/03/2012;2
27;236;Criou o projeto de ementa que: ''ALTERA A LEI Nº 14.485, DE 19 DE JULHO DE 2007, COM A FINALIDADE DE INCLUIR NO CALENDARIO DE EVENTOS DA CIDADE DE SAO PAULO O DIA DA FEIRA DE SAUDE DA ASSOCIACAO COMERCIAL DE SAO PAULO, E DA OUTRAS PROVIDENCIAS.'', que foi APROVADO POR PARECERES EM 09/03/2012; 09/03/2012;2
37;237;Criou o projeto de ementa que: ''INSTITUI NO AMBITO DO MUNICIPIO DE SAO PAULO A SEMANA DE PREVENCAO E COMBATE A DEPRESSAO POS-PARTO, E AINDA DISPOE SOBRE AS DIRETRIZES DA CONSCIENTIZACAO QUANTO A PREVENCAO, DIAGNOSTICO E DO PROPRIO TRATAMENTO DA DEPRESSAO POS-PARTO NA REDE PUBLICA DE SAUDE DO MUNICIPIO DE SAO PAULO, E DA OUTRAS PROVIDENCIAS.'', que foi APROVADO POR PARECERES EM 09/03/2012; 09/03/2012;2
113;238;Criou o projeto de ementa que: ''DENOMINA TRAVESSA IZABEL FERREIRA RUFINO A TRAVESSA QUE SAI DA RUA JOSE NARCISO DE MENEZES, SITUADA NO BAIRRO DE SAPOPEMBA, SUBPREFEITURA DE SAPOPEMBA/VILA PRUDENTE, E DA OUTRAS PROVIDENCIAS.'', que foi APROVADO POR PARECERES EM 09/03/2012; 09/03/2012;2
133;239;Criou o projeto de ementa que: ''ALTERA A LEI Nº 14.485, DE 19 DE JULHO DE 2007, PARA INCLUIR O DIA DO BAIRRO DE VILA GUILHERME A SER COMEMORADO ANUALMENTE NO DIA 12 DE SETEMBRO, E DA OUTRAS PROVIDENCIAS.'', que foi APROVADO POR PARECERES EM 09/03/2012; 09/03/2012;2
128;240;Criou o projeto de ementa que: ''INSTITUI, NO AMBITO DO MUNICIPIO DE SAO PAULO, O DIA MUNICIPAL DO HIPNOLOGO, E DA OUTRAS PROVIDENCIAS.'', que foi APROVADO POR PARECERES EM 06/04/2012; 06/04/2012;2
20;241;"Criou o projeto de ementa que: ''ALTERA O ART. 8º DA LEI Nº 14.485, DE 19 DE JULHO DE 2007, PARA INCLUIR O ""SALAO INTERNACIONAL DE VEICULOS ANTIGOS"" NO CALENDARIO OFICIAL DE DATAS E EVENTOS DO MUNICIPIO DE SAO PAULO, A SE REALIZAR ANUALMENTE NOS MESES DE SETEMBRO, OUTUBRO E NOVEMBRO, E DA OUTRAS PROVIDENCIAS.'', que foi APROVADO POR PARECERES EM 06/04/2012"; 06/04/2012;2
44;242;Criou o projeto de ementa que: ''INSTITUI O DIA MUNICIPAL DA ECONOMIA SOLIDARIA.'', que foi APROVADO POR PARECERES EM 03/12/2011; 03/12/2011;2
116;243;Criou o projeto de ementa que: ''ALTERA O INCISO CXXIX, DA LEI 14.485, DE 19 DE JULHO DE 2007, PARA INCLUIR NO CALENDARIO DE EVENTOS DO MUNICIPIO A FESTA DO CMTC (COMPANHIA MUNICIPAL DE TRANSPORTES COLETIVOS) CLUBE EM HOMENAGEM AOS TRABALHADORES DOS TRANSPORTES, E DA OUTRAS PROVIDENCIAS.'', que foi APROVADO POR PARECERES EM 03/12/2011; 03/12/2011;2
32;244;"Criou o projeto de ementa que: ''ALTERA A LEI Nº 14.485, DE 19 DE JULHO DE 2007, COM A FINALIDADE DE INSTITUIR O ""DIA DO CORRETOR DE SEGUROS MUNICIPAL"", A SER COMEMORADO, ANUALMENTE, NO DIA 12 DE OUTUBRO DE CADA ANO.'', que foi APROVADO POR PARECERES EM 01/10/2011"; 01/10/2011;2
117;245;Criou o projeto de ementa que: ''DENOMINA PRACA ARTUR BENEDICTO SAMPAIO O LOGRADOURO PUBLICO INOMINADO LOCALIZADO NA CONFLUENCIA ENTRE A AVENIDA AMARILIS (CADLOG 00997-0) E RUA DAS ACUCENAS (CADLOG 000135-0), BAIRRO DO MORUMBI.'', que foi APROVADO POR PARECERES EM 01/10/2011; 01/10/2011;2
35;246;Criou o projeto de ementa que: ''ALTERA A LEI Nº 14.485, DE 19 DE JULHO DE 2007, PARA INCLUIR O DIA DE RECONHECIMENTO DO GENOCIDIO DO POVO ARMENIO.'', que foi APROVADO POR PARECERES EM 01/10/2011; 01/10/2011;2
40;247;"Criou o projeto de ementa que: ''INSTITUI ""O DIA DO MEDICO VETERINARIO"" NO AMBITO DO MUNICIPIO DE SAO PAULO, E DA OUTRAS PROVIDENCIAS.'', que foi APROVADO POR PARECERES EM 01/10/2011"; 01/10/2011;2
29;248;Criou o projeto de ementa que: ''ALTERA A LEI 14.485, DE 19 DE JULHO DE 2007, QUE CONSOLIDOU A LEGISLACAO MUNICIPAL REFERENTE A DATAS COMEMORATIVAS, EVENTOS E FERIADOS DO MUNICIPIO DE SAO PAULO, PARA NELA INCLUIR O DIA DE LUTA CONTRA A CRIMINALIZACAO DOS MOVIMENTOS SOCIAIS, A SER COMEMORADO ANUALMENTE NO DIA 5 DE ABRIL, E DA OUTRAS PROVIDENCIAS.'', que foi APROVADO POR PARECERES;01/12/2011;2
